Date,Open,High,Low,Close,Volume,Dividends,Stock Splits
2018-01-02 00:00:00-05:00,4.840010981992647,4.931976052111329,4.808367634479755,4.928267478942871,355616000,0.0,0.0
2018-01-03 00:00:00-05:00,5.045693177854622,5.283021472385723,5.037040630444847,5.252613544464111,914704000,0.0,0.0
2018-01-04 00:00:00-05:00,5.333950243496966,5.390562918784544,5.258054403212259,5.280303955078125,583268000,0.0,0.0
2018-01-05 00:00:00-05:00,5.295137048095336,5.362379862490228,5.218252415903529,5.325050354003906,580124000,0.0,0.0
2018-01-08 00:00:00-05:00,5.448658412630829,5.562377912508374,5.403664680365826,5.488213062286377,881216000,0.0,0.0
2018-01-09 00:00:00-05:00,5.493650707108688,5.533205349807111,5.405147158706325,5.486728668212891,497000000,0.0,0.0
2018-01-10 00:00:00-05:00,5.394271149905821,5.533207076130742,5.339883617109075,5.529746055603027,582664000,0.0,0.0
2018-01-11 00:00:00-05:00,5.562377460431114,5.593774190913666,5.518125446278881,5.539633750915527,406032000,0.0,0.0
2018-01-12 00:00:00-05:00,5.527765801232707,5.56212890892545,5.471894866118193,5.5124382972717285,359916000,0.0,0.0
2018-01-16 00:00:00-05:00,5.538890951964245,5.6244276341685735,5.356939425350696,5.4414873123168945,702348000,0.0,0.0
2018-01-17 00:00:00-05:00,5.456074430360988,5.565344110977287,5.362132258485765,5.555455684661865,538408000,0.0,0.0
2018-01-18 00:00:00-05:00,5.536172317788228,5.602920961181686,5.505023139482716,5.5485334396362305,408632000,0.0,0.0
2018-01-19 00:00:00-05:00,5.638766790715722,5.7129316262650836,5.611820350109823,5.688704490661621,609380000,0.0,0.0
2018-01-22 00:00:00-05:00,5.696616552157048,5.778939791980217,5.639015086686578,5.777209281921387,550944000,0.0,0.0
2018-01-23 00:00:00-05:00,5.830606041826404,5.928998472448549,5.81206507097575,5.906254768371582,475228000,0.0,0.0
2018-01-24 00:00:00-05:00,5.909470022559056,5.945316570520847,5.773748056732924,5.829371929168701,579972000,0.0,0.0
2018-01-25 00:00:00-05:00,5.883759466256507,5.927022687812408,5.828136065229593,5.842968940734863,409884000,0.0,0.0
2018-01-26 00:00:00-05:00,5.886725901017889,6.01577289884531,5.87387061742999,6.015525817871094,516356000,0.0,0.0
2018-01-29 00:00:00-05:00,6.0009388830952455,6.133694427930179,5.948281882358763,6.102544784545898,455116000,0.0,0.0
2018-01-30 00:00:00-05:00,5.960641744211449,6.091913843117909,5.893893123439671,6.000443458557129,570832000,0.0,0.0
2018-01-31 00:00:00-05:00,6.075845962626409,6.162371919159621,6.0432133592736355,6.076587677001953,478576000,0.0,0.0
2018-02-01 00:00:00-05:00,5.8966134598439695,6.103781395693679,5.885241606830483,5.945562362670898,519224000,0.0,0.0
2018-02-02 00:00:00-05:00,5.859038250068228,5.883018309442739,5.714910812825561,5.773006439208984,718464000,0.0,0.0
2018-02-05 00:00:00-05:00,5.611819158295059,5.765834959164934,5.067942241344301,5.283020973205566,1165204000,0.0,0.0
2018-02-06 00:00:00-05:00,5.053110396274145,5.57968185528126,5.0432215001474106,5.576715469360352,1114800000,0.0,0.0
2018-02-07 00:00:00-05:00,5.675603257923874,5.808853001810103,5.604404794143706,5.656320095062256,802932000,0.0,0.0
2018-02-08 00:00:00-05:00,5.78190558077716,5.815032346768609,5.377211496741785,5.3774590492248535,1144000000,0.0,0.0
2018-02-09 00:00:00-05:00,5.8899410866309445,5.905762759844438,5.377460616033913,5.73740816116333,1674604000,0.0,0.0
2018-02-12 00:00:00-05:00,5.818494627168599,5.821461485380056,5.563119901821331,5.637284755706787,1093172000,0.0,0.0
2018-02-13 00:00:00-05:00,5.600942149859911,5.797232383971837,5.568556630662065,5.751002788543701,625524000,0.0,0.0
2018-02-14 00:00:00-05:00,5.710707201814138,5.9972315222991,5.699582428847461,5.968307018280029,744988000,0.0,0.0
2018-02-15 00:00:00-05:00,6.0516191020470895,6.140122653254458,5.9707793043641795,6.093893051147461,698900000,0.0,0.0
2018-02-16 00:00:00-05:00,6.066699239078996,6.180418717140692,6.018986210426803,6.028133392333984,637656000,0.0,0.0
2018-02-20 00:00:00-05:00,6.050629332964406,6.226647611683429,6.046920761514834,6.157674312591553,686240000,0.0,0.0
2018-02-21 00:00:00-05:00,6.222199492266209,6.22912153215286,5.9668243163662575,5.970532417297363,892292000,0.0,0.0
2018-02-22 00:00:00-05:00,6.00442130231682,6.0761584658693994,5.924520682348709,5.9900736808776855,534364000,0.00375,0.0
2018-02-23 00:00:00-05:00,6.049938672192449,6.08358097076416,5.999227753883418,6.08358097076416,415300000,0.0,0.0
2018-02-26 00:00:00-05:00,6.12983904616464,6.134291626814092,6.037322375181566,6.0996599197387695,469312000,0.0,0.0
2018-02-27 00:00:00-05:00,6.072943605648538,6.157297292320378,6.06379120964858,6.086796760559082,455436000,0.0,0.0
2018-02-28 00:00:00-05:00,6.0976807707522385,6.137260000285155,5.974737735935683,5.986364364624023,523116000,0.0,0.0
2018-03-01 00:00:00-05:00,5.984137430378738,6.0380642802830025,5.6430137154932725,5.74418830871582,1040120000,0.0,0.0
2018-03-02 00:00:00-05:00,5.636581311419711,5.857730680511419,5.487911754391993,5.851298809051514,913428000,0.0,0.0
2018-03-05 00:00:00-05:00,5.801083883445083,5.868863421344419,5.6776459056146935,5.829284191131592,620776000,0.0,0.0
2018-03-06 00:00:00-05:00,5.914626823388165,6.0096172590815,5.871584422286672,5.990322113037109,636808000,0.0,0.0
2018-03-07 00:00:00-05:00,5.887416176470867,6.034601887566719,5.886179531894835,5.9824066162109375,581208000,0.0,0.0
2018-03-08 00:00:00-05:00,6.0098662082990515,6.0098662082990515,5.921802089182802,5.966081619262695,411912000,0.0,0.0
2018-03-09 00:00:00-05:00,6.013574965861866,6.081601739121654,5.997496227771388,6.06873893737793,505524000,0.0,0.0
2018-03-12 00:00:00-04:00,6.110049738096921,6.258471616899563,6.101886279979087,6.178323745727539,605060000,0.0,0.0
2018-03-13 00:00:00-04:00,6.2211181886825155,6.295576825782928,6.086301302729314,6.127612113952637,619772000,0.0,0.0
2018-03-14 00:00:00-04:00,6.17065356119216,6.197864451803636,6.090752946151923,6.153090476989746,505496000,0.0,0.0
2018-03-15 00:00:00-04:00,6.166696342928952,6.249070251987616,6.125880004227634,6.167932987213135,401952000,0.0,0.0
2018-03-16 00:00:00-04:00,6.184260227745709,6.215181528884437,6.146659819872974,6.196134090423584,399456000,0.0,0.0
2018-03-19 00:00:00-04:00,6.139238572709406,6.168180580127958,5.862678467454943,5.9616265296936035,713772000,0.0,0.0
2018-03-20 00:00:00-04:00,5.964595497157013,6.212708094702211,5.964595497157013,6.173871040344238,554696000,0.0,0.0
2018-03-21 00:00:00-04:00,6.167438934509641,6.233734590134205,6.118212369579902,6.14863920211792,438688000,0.0,0.0
2018-03-22 00:00:00-04:00,6.085312571074525,6.131818143198124,5.945300913799588,5.982653617858887,551196000,0.0,0.0
2018-03-23 00:00:00-04:00,5.996259080798429,5.998732841681637,5.7518573561258375,5.762989044189453,735620000,0.0,0.0
2018-03-26 00:00:00-04:00,5.887416572487547,6.048949447546177,5.8354690040100525,6.047712802886963,611424000,0.0,0.0
2018-03-27 00:00:00-04:00,6.128601491444846,6.1842599251353825,5.438438329146964,5.578697204589844,1409000000,0.0,0.0
2018-03-28 00:00:00-04:00,5.544313401106364,5.674430015326414,5.367938449142277,5.475544452667236,945904000,0.0,0.0
2018-03-29 00:00:00-04:00,5.543818444736515,5.825573344917321,5.459465227589927,5.728851795196533,916628000,0.0,0.0
2018-04-02 00:00:00-04:00,5.658350072240164,5.80454586517351,5.380305635906855,5.4681220054626465,922092000,0.0,0.0
2018-04-03 00:00:00-04:00,5.6350979338523794,5.698177178832927,5.475543911142948,5.57449197769165,667432000,0.0,0.0
2018-04-04 00:00:00-04:00,5.318710343939517,5.60689705983273,5.2937259773642715,5.596507549285889,789168000,0.0,0.0
2018-04-05 00:00:00-04:00,5.654886897744761,5.667997402999201,5.404795529024068,5.476285457611084,701240000,0.0,0.0
2018-04-06 00:00:00-04:00,5.373627973333602,5.481728923775231,5.270721779495073,5.2999114990234375,662988000,0.0,0.0
2018-04-09 00:00:00-04:00,5.362990600818526,5.49088115272903,5.30856880828203,5.328606128692627,499524000,0.0,0.0
2018-04-10 00:00:00-04:00,5.558907596221926,5.664782001665425,5.501764811767425,5.637818813323975,761676000,0.0,0.0
2018-04-11 00:00:00-04:00,5.622976266459697,5.664287074154486,5.563854667046801,5.596507549285889,460244000,0.0,0.0
2018-04-12 00:00:00-04:00,5.689519281458002,5.821120234228695,5.645239767847968,5.803309440612793,593920000,0.0,0.0
2018-04-13 00:00:00-04:00,5.8668843386730956,5.875295031552975,5.678388283452525,5.726625442504883,503036000,0.0,0.0
2018-04-16 00:00:00-04:00,5.733302873426012,5.759771588892202,5.632128297546279,5.726376533508301,350792000,0.0,0.0
2018-04-17 00:00:00-04:00,5.778573394126844,5.897311087255618,5.722914953028464,5.876037120819092,447224000,0.0,0.0
2018-04-18 00:00:00-04:00,5.825572860136426,5.918336762188418,5.758041033859258,5.8470940589904785,391364000,0.0,0.0
2018-04-19 00:00:00-04:00,5.732807392795077,5.76620244503418,5.610359339739841,5.665770053863525,471996000,0.0,0.0
2018-04-20 00:00:00-04:00,5.65711261461882,5.7414658089434285,5.626439026023564,5.657607555389404,386200000,0.0,0.0
2018-04-23 00:00:00-04:00,5.675419994369608,5.726625382941391,5.512155547665155,5.5381293296813965,427508000,0.0,0.0
2018-04-24 00:00:00-04:00,5.563854949887461,5.659834310078603,5.406527461266923,5.471833229064941,414596000,0.0,0.0
2018-04-25 00:00:00-04:00,5.442149701423266,5.481234465120674,5.202200543534497,5.359528064727783,588492000,0.0,0.0
2018-04-26 00:00:00-04:00,5.521309338606433,5.579441555553244,5.4552613677823025,5.571278095245361,375824000,0.0,0.0
2018-04-27 00:00:00-04:00,5.677151131405373,5.696940745448157,5.556434155469259,5.598734378814697,400848000,0.0,0.0
2018-04-30 00:00:00-04:00,5.615061018278359,5.664782525559266,5.544066017229242,5.563360691070557,327844000,0.0,0.0
2018-05-01 00:00:00-04:00,5.555196895059056,5.621492071160562,5.4965697630116805,5.618771076202393,253788000,0.0,0.0
2018-05-02 00:00:00-04:00,5.615308517430774,5.6598347950727055,5.572018412420499,5.598239898681641,268248000,0.0,0.0
2018-05-03 00:00:00-04:00,5.630150507860985,5.789704533270901,5.584881583817898,5.763483047485352,443144000,0.0,0.0
2018-05-04 00:00:00-04:00,5.734787532480522,5.916852143235824,5.71747168175459,5.913636207580566,400660000,0.0,0.0
2018-05-07 00:00:00-04:00,6.018275901653191,6.20875126476396,6.008380857003527,6.151608467102051,687616000,0.0,0.0
2018-05-08 00:00:00-04:00,6.151852627497591,6.196874303240834,6.102873313329532,6.194153308868408,506616000,0.0,0.0
2018-05-09 00:00:00-04:00,6.214190601016198,6.32946508536423,6.186979711678042,6.3272385597229,596760000,0.0,0.0
2018-05-10 00:00:00-04:00,6.380177376179234,6.4439987965924095,6.36236658263779,6.4348464012146,994080000,0.0,0.0
2018-05-11 00:00:00-04:00,6.253029373607263,6.426436088848092,6.197618641746434,6.296319007873535,1214456000,0.0,0.0
2018-05-14 00:00:00-04:00,6.3344147000781295,6.394278487687708,6.293103883483099,6.3168511390686035,523140000,0.0,0.0
2018-05-15 00:00:00-04:00,6.2532767926755914,6.255998259899748,5.9739956552292846,6.074428081512451,963528000,0.0,0.0
2018-05-16 00:00:00-04:00,6.035835971496725,6.147647277872918,5.998977750721794,6.085557460784912,553828000,0.0,0.0
2018-05-17 00:00:00-04:00,6.087290712605682,6.22136542319621,6.071211504605322,6.127612113952637,519784000,0.0,0.0
2018-05-18 00:00:00-04:00,6.179560095660319,6.242886573657646,6.078879974409376,6.083827495574951,483716000,0.0,0.0
2018-05-21 00:00:00-04:00,6.181292414731934,6.185002820135822,5.949011316922657,6.041775226593018,640624000,0.0,0.0
2018-05-22 00:00:00-04:00,6.05513284111137,6.080364444637207,5.943073796434276,6.0036797523498535,518264000,0.0,0.0
2018-05-23 00:00:00-04:00,5.947491525217017,6.1284313321656025,5.946748890896969,6.127193450927734,442956000,0.00375,0.0
2018-05-24 00:00:00-04:00,6.12348118238234,6.173233436306639,6.07026361612952,6.130906581878662,437372000,0.0,0.0
2018-05-25 00:00:00-04:00,6.14352986232995,6.186598875093425,6.1078867204997245,6.170262336730957,292112000,0.0,0.0
2018-05-29 00:00:00-04:00,6.15219343848618,6.221252766783395,6.106401745810423,6.153183460235596,352684000,0.0,0.0
2018-05-30 00:00:00-04:00,6.186847644038906,6.270757778986238,6.162095209402943,6.262094497680664,390996000,0.0,0.0
2018-05-31 00:00:00-04:00,6.230163810813742,6.316797092649026,6.2195204862231686,6.242292404174805,493868000,0.0,0.0
2018-06-01 00:00:00-04:00,6.287095131674975,6.382886957500765,6.2784318492506115,6.3766984939575195,421968000,0.0,0.0
2018-06-04 00:00:00-04:00,6.410856885184049,6.577687627838417,6.3786790462981955,6.555658340454102,642024000,0.0,0.0
2018-06-05 00:00:00-04:00,6.558875440541781,6.598727009887207,6.5140737615591435,6.561103343963623,391712000,0.0,0.0
2018-06-06 00:00:00-04:00,6.471003585739468,6.5663001429459635,6.454667046564452,6.563082218170166,371356000,0.0,0.0
2018-06-07 00:00:00-04:00,6.559368264607359,6.5712494675748125,6.417042160586602,6.507388591766357,369448000,0.0,0.0
2018-06-08 00:00:00-04:00,6.434619400893491,6.534618704203673,6.415807566626795,6.492044925689697,360456000,0.0,0.0
2018-06-11 00:00:00-04:00,6.4794190905362585,6.521002834266948,6.438082734200153,6.450953960418701,265372000,0.0,0.0
2018-06-12 00:00:00-04:00,6.477439045622201,6.5115969184871885,6.4271915498461425,6.4994683265686035,319160000,0.0,0.0
2018-06-13 00:00:00-04:00,6.500953839484804,6.575953296705752,6.485854709811067,6.495013236999512,338208000,0.0,0.0
2018-06-14 00:00:00-04:00,6.540064387432427,6.663330857298288,6.525212641481565,6.606647968292236,430016000,0.0,0.0
2018-06-15 00:00:00-04:00,6.549468894664133,6.6207556598374895,6.518528469865954,6.565805435180664,432260000,0.0,0.0
2018-06-18 00:00:00-04:00,6.521746733350019,6.579172251624388,6.494519479151794,6.561598300933838,356268000,0.0,0.0
2018-06-19 00:00:00-04:00,6.458380447015526,6.525707126637198,6.312342072456827,6.439816474914551,594932000,0.0,0.0
2018-06-20 00:00:00-04:00,6.480905677364324,6.545756596437088,6.4425393782994504,6.492786884307861,369780000,0.0,0.0
2018-06-21 00:00:00-04:00,6.524715980170536,6.5430325616781895,6.356400018297648,6.364073276519775,359516000,0.0,0.0
2018-06-22 00:00:00-04:00,6.384864932880551,6.398231405498228,6.196252352488131,6.2115983963012695,434160000,0.0,0.0
2018-06-25 00:00:00-04:00,6.1051655308892885,6.108878231204185,5.830166989406254,5.918780326843262,665816000,0.0,0.0
2018-06-26 00:00:00-04:00,6.032144468757382,6.080411448241831,5.938332715310094,5.9898176193237305,478884000,0.0,0.0
2018-06-27 00:00:00-04:00,6.033383078548178,6.099719265117293,5.829176077813481,5.834621906280518,453892000,0.0,0.0
2018-06-28 00:00:00-04:00,5.824720094513832,5.973729464341513,5.817046835717521,5.961848258972168,338012000,0.0,0.0
2018-06-29 00:00:00-04:00,6.026945674867508,6.03956903963706,5.862589824374035,5.863827705383301,392300000,0.0,0.0
2018-07-02 00:00:00-04:00,5.794273422846518,5.9997177569654045,5.773728942223304,5.996005058288574,357572000,0.0,0.0
2018-07-03 00:00:00-04:00,6.030660254118838,6.036600857321169,5.853928371104711,5.862344264984131,222732000,0.0,0.0
2018-07-05 00:00:00-04:00,5.917541010449429,6.013084950434021,5.8786799439543,6.008134841918945,306216000,0.0,0.0
2018-07-06 00:00:00-04:00,5.983629881731467,6.130411341829184,5.962342762423046,6.121995449066162,296352000,0.0,0.0
2018-07-09 00:00:00-04:00,6.196253806458275,6.205907109995479,6.090808685652088,6.169520854949951,303880000,0.0,0.0
2018-07-10 00:00:00-04:00,6.181897553593382,6.29056013180557,6.141551209403484,6.26853084564209,360016000,0.0,0.0
2018-07-11 00:00:00-04:00,6.175708681050563,6.210361804078836,6.1163026528401065,6.126946449279785,367508000,0.0,0.0
2018-07-12 00:00:00-04:00,6.172244179686721,6.266550258620246,6.162343016312985,6.218530654907227,345508000,0.0,0.0
2018-07-13 00:00:00-04:00,6.237094131803665,6.237094131803665,6.12917373393027,6.171252727508545,246988000,0.0,0.0
2018-07-16 00:00:00-04:00,6.143529891967773,6.196500066231124,6.131153912466004,6.143529891967773,197036000,0.0,0.0
2018-07-17 00:00:00-04:00,6.094274479719289,6.2945209396124415,6.068779407640491,6.279421806335449,362136000,0.0,0.0
2018-07-18 00:00:00-04:00,6.2719951808340175,6.285856429863127,6.1791739121311835,6.23016357421875,277640000,0.0,0.0
2018-07-19 00:00:00-04:00,6.211351930229627,6.271995368661457,6.1962532715622105,6.2383317947387695,235752000,0.0,0.0
2018-07-20 00:00:00-04:00,6.235858370618319,6.274719449658448,6.199224723100686,6.210115909576416,222352000,0.0,0.0
2018-07-23 00:00:00-04:00,6.183629059763035,6.185361715839446,6.021748466095487,6.17348051071167,301584000,0.0,0.0
2018-07-24 00:00:00-04:00,6.221501277802293,6.308134570052797,6.138580685810959,6.156155109405518,354620000,0.0,0.0
2018-07-25 00:00:00-04:00,6.1655601902637835,6.246995502268984,6.107639430235458,6.234371662139893,319112000,0.0,0.0
2018-07-26 00:00:00-04:00,6.214322686613513,6.344767151704547,6.197490899059358,6.307886123657227,325124000,0.0,0.0
2018-07-27 00:00:00-04:00,6.34452090312381,6.351451529334067,6.184125534047058,6.238085746765137,295420000,0.0,0.0
2018-07-30 00:00:00-04:00,6.252193951620231,6.258134554954722,6.0078879968154,6.042788982391357,340340000,0.0,0.0
2018-07-31 00:00:00-04:00,6.032391690293681,6.135608882873556,5.993530625961449,6.060856819152832,283988000,0.0,0.0
2018-08-01 00:00:00-04:00,6.092293063786336,6.147490670835771,6.036847597216381,6.100708484649658,283556000,0.0,0.0
2018-08-02 00:00:00-04:00,6.02942240058528,6.207391693703628,5.970512087383964,6.203431606292725,269668000,0.0,0.0
2018-08-03 00:00:00-04:00,6.2279350755567755,6.263826075996751,6.2111037628224945,6.240063667297363,214288000,0.0,0.0
2018-08-06 00:00:00-04:00,6.227441918340896,6.2913028181665664,6.180907582645178,6.287837505340576,207508000,0.0,0.0
2018-08-07 00:00:00-04:00,6.336600018113904,6.378679020866706,6.309867536285634,6.360114574432373,258132000,0.0,0.0
2018-08-08 00:00:00-04:00,6.361351258878166,6.441548689271029,6.326450276110314,6.396499156951904,262100000,0.0,0.0
2018-08-09 00:00:00-04:00,6.414319044687111,6.417041721824056,6.340309626732932,6.347982883453369,204280000,0.0,0.0
2018-08-10 00:00:00-04:00,6.266054055626351,6.3390734664687445,6.254915485426212,6.306647777557373,256396000,0.0,0.0
2018-08-13 00:00:00-04:00,6.315312379776696,6.460361210142722,6.313579723429743,6.339569568634033,375208000,0.0,0.0
2018-08-14 00:00:00-04:00,6.445013691234827,6.4851126405569905,6.361845727361963,6.471003532409668,466220000,0.0,0.0
2018-08-15 00:00:00-04:00,6.491795622740591,6.525706583220519,6.334123442219875,6.412836074829102,591136000,0.0,0.0
2018-08-16 00:00:00-04:00,6.48263766555961,6.485112956093847,6.312093783023849,6.372241973876953,801260000,0.0,0.0
2018-08-17 00:00:00-04:00,6.260855446171797,6.261598080390827,6.0328860975747745,6.059866428375244,1143188000,0.0,0.0
2018-08-20 00:00:00-04:00,6.019274848595138,6.267293048633287,5.908879140382642,6.134620666503906,854388000,0.0,0.0
2018-08-21 00:00:00-04:00,6.150955421415639,6.274717098015095,6.1311535720442585,6.270261764526367,673988000,0.0,0.0
2018-08-22 00:00:00-04:00,6.237591525787101,6.510362207530731,6.234126212374211,6.505411624908447,749856000,0.0,0.0
2018-08-23 00:00:00-04:00,6.466795996060694,6.670260348690982,6.452934746554991,6.60491418838501,720684000,0.0,0.0
2018-08-24 00:00:00-04:00,6.613332551993938,6.75268820559652,6.6088772161478015,6.738084316253662,531512000,0.0,0.0
2018-08-27 00:00:00-04:00,6.7677841556592515,6.903427053674237,6.736348957714767,6.829170227050781,505776000,0.0,0.0
2018-08-28 00:00:00-04:00,6.823230359318655,6.846002751127458,6.671498292747922,6.7915472984313965,475384000,0.0,0.0
2018-08-29 00:00:00-04:00,6.783869654946075,6.922063400202053,6.763066407189008,6.897049903869629,420108000,0.00375,0.0
2018-08-30 00:00:00-04:00,6.865843667602804,6.977042775347515,6.843306818794787,6.8802080154418945,346608000,0.0,0.0
2018-08-31 00:00:00-04:00,6.860148354691998,6.964165060576474,6.850241776811747,6.951286792755127,306592000,0.0,0.0
2018-09-04 00:00:00-04:00,6.938159488824182,7.063722463149921,6.909678790249156,7.026078701019287,391720000,0.0,0.0
2018-09-05 00:00:00-04:00,7.0084968624158135,7.043911986598432,6.814332250165113,6.8953166007995605,393156000,0.0,0.0
2018-09-06 00:00:00-04:00,6.878970349510498,6.881446994105533,6.7212119150171805,6.754150390625,322796000,0.0,0.0
2018-09-07 00:00:00-04:00,6.6620207987311355,6.858414493738516,6.617194621957892,6.732851505279541,295420000,0.0,0.0
2018-09-10 00:00:00-04:00,6.755387947853774,6.8336481104452025,6.711552336999258,6.803928852081299,220140000,0.0,0.0
2018-09-11 00:00:00-04:00,6.757617734744121,6.845288971213909,6.736814486572646,6.756132125854492,243112000,0.0,0.0
2018-09-12 00:00:00-04:00,6.7162599468956925,6.73582511238472,6.486680191103665,6.642210006713867,419092000,0.0,0.0
2018-09-13 00:00:00-04:00,6.708085383515175,6.810616002102062,6.690749345634735,6.719973087310791,305536000,0.0,0.0
2018-09-14 00:00:00-04:00,6.810369023935188,6.912156610127286,6.773467823622677,6.846031665802002,386936000,0.0,0.0
2018-09-17 00:00:00-04:00,6.8205243368077575,6.869560773321008,6.764801006140035,6.784118175506592,205528000,0.0,0.0
2018-09-18 00:00:00-04:00,6.788079092553697,6.890857232948218,6.705361156903817,6.712047576904297,299520000,0.0,0.0
2018-09-19 00:00:00-04:00,6.693474096148274,6.753655188534426,6.643447104654831,6.735823631286621,224860000,0.0,0.0
2018-09-20 00:00:00-04:00,6.613726583976719,6.65607611105591,6.540667237321245,6.594656944274902,430584000,0.0,0.0
2018-09-21 00:00:00-04:00,6.6065453568288355,6.652114573328554,6.4913839934133115,6.524569988250732,435128000,0.0,0.0
2018-09-24 00:00:00-04:00,6.493612988627571,6.58376086317136,6.40643727638973,6.580293655395508,293912000,0.0,0.0
2018-09-25 00:00:00-04:00,6.646420306032426,6.672424371033029,6.56073018055796,6.647410869598389,280388000,0.0,0.0
2018-09-26 00:00:00-04:00,6.652362453523829,6.6927308608061145,6.594658007354361,6.610507965087891,268548000,0.0,0.0
2018-09-27 00:00:00-04:00,6.645674927516839,6.666973689993917,6.590942648869463,6.622395038604736,214428000,0.0,0.0
2018-09-28 00:00:00-04:00,6.754398937641678,6.981997067773898,6.726413276565585,6.959707736968994,709396000,0.0,0.0
2018-10-01 00:00:00-04:00,7.037472780530138,7.23312299326431,6.998837972462006,7.166255474090576,622060000,0.0,0.0
2018-10-02 00:00:00-04:00,7.138763876045599,7.2504575562459115,7.07263893864645,7.09492826461792,383964000,0.0,0.0
2018-10-03 00:00:00-04:00,7.165264780334179,7.172694714984471,6.9971047023831385,7.101121425628662,320552000,0.0,0.0
2018-10-04 00:00:00-04:00,7.064962336908496,7.089232792272537,6.8398404008149924,6.916862487792969,391220000,0.0,0.0
2018-10-05 00:00:00-04:00,6.892096013348278,6.954258228447809,6.625862647195452,6.683319568634033,426636000,0.0,0.0
2018-10-08 00:00:00-04:00,6.600106515241961,6.715515410614468,6.441109526399067,6.582027435302734,408612000,0.0,0.0
2018-10-09 00:00:00-04:00,6.561470320900456,6.656075949020978,6.50847165076076,6.576330184936523,273500000,0.0,0.0
2018-10-10 00:00:00-04:00,6.47033223344618,6.516149441361851,6.082498642697859,6.084727764129639,684940000,0.0,0.0
2018-10-11 00:00:00-04:00,5.997551136982147,6.1310395531606465,5.801653466270302,5.82319974899292,725436000,0.0,0.0
2018-10-12 00:00:00-04:00,6.080270631244149,6.180077085676831,5.935142481918509,6.10577917098999,608236000,0.0,0.0
2018-10-15 00:00:00-04:00,6.092406625842798,6.092406625842798,5.828402346595804,5.829392910003662,449760000,0.0,0.0
2018-10-16 00:00:00-04:00,5.942078014376701,6.0993414201351985,5.892794057086273,6.088196754455566,408712000,0.0,0.0
2018-10-17 00:00:00-04:00,6.150358484141825,6.188498245039542,5.970558238792122,6.019594669342041,329668000,0.0,0.0
2018-10-18 00:00:00-04:00,6.088939213145094,6.127326023861111,5.871742250725871,5.932170867919922,524020000,0.0,0.0
2018-10-19 00:00:00-04:00,5.98740034419886,6.0069650375999135,5.639191976438617,5.675597667694092,613608000,0.0,0.0
2018-10-22 00:00:00-04:00,5.727851170281199,5.8279051309019385,5.6235869621248495,5.726365089416504,368844000,0.0,0.0
2018-10-23 00:00:00-04:00,5.459142841407292,5.552262888146131,5.36701383045677,5.474745750427246,626436000,0.0,0.0
2018-10-24 00:00:00-04:00,5.436358037810588,5.4829178213294165,4.924694992215334,4.938563823699951,884288000,0.0,0.0
2018-10-25 00:00:00-04:00,4.840986052409292,5.194642640746153,4.796654922275126,5.147339820861816,951720000,0.0,0.0
2018-10-26 00:00:00-04:00,4.91132125169537,5.0730424094284645,4.7827865641589655,4.910826206207275,664784000,0.0,0.0
2018-10-29 00:00:00-04:00,5.051991734578472,5.055458942547149,4.359042352110635,4.597042560577393,758016000,0.0,0.0
2018-10-30 00:00:00-04:00,4.620074644621499,5.037379550666025,4.597042276379911,5.027472972869873,807192000,0.0,0.0
2018-10-31 00:00:00-04:00,5.192167451281894,5.264979302836408,5.052487601710281,5.221391201019287,745772000,0.0,0.0
2018-11-01 00:00:00-04:00,5.257795649835205,5.411096774570711,5.131242095891826,5.40168571472168,566528000,0.0,0.0
2018-11-02 00:00:00-04:00,5.3922745284325195,5.498024833610456,5.2060349347782315,5.3226823806762695,452960000,0.0,0.0
2018-11-05 00:00:00-05:00,5.309554849990566,5.3328352069613825,5.083937940272546,5.244668483734131,379332000,0.0,0.0
2018-11-06 00:00:00-05:00,5.236744649352382,5.320948666439074,5.1899368749067065,5.227086067199707,299012000,0.0,0.0
2018-11-07 00:00:00-05:00,5.293705291079213,5.3843481924585275,5.230057005780673,5.294695854187012,483812000,0.0,0.0
2018-11-08 00:00:00-05:00,5.2355064165961185,5.236249457172779,5.048028729178163,5.101523399353027,511352000,0.0,0.0
2018-11-09 00:00:00-05:00,5.01261308334997,5.183992799896752,4.9789315724393886,5.093597412109375,413240000,0.0,0.0
2018-11-12 00:00:00-05:00,5.002210572364683,5.024252371207268,4.672328991949841,4.694123268127441,617116000,0.0,0.0
2018-11-13 00:00:00-05:00,4.791950011125851,5.0574398781904035,4.785758163668603,4.936087131500244,644712000,0.0,0.0
2018-11-14 00:00:00-05:00,5.109201023774201,5.1235653745236975,4.7756050500639295,4.883584022521973,526580000,0.0,0.0
2018-11-15 00:00:00-05:00,4.877640687152632,5.084436060324973,4.8417300426538805,5.012367248535156,840708000,0.0,0.0
2018-11-16 00:00:00-05:00,4.0447630894876525,4.226544435945658,4.002413085887733,4.072253227233887,1963520000,0.0,0.0
2018-11-19 00:00:00-05:00,4.0068719707034255,4.007614538980579,3.58188932837737,3.583622932434082,1697820000,0.0,0.0
2018-11-20 00:00:00-05:00,3.3201135112430618,3.820384104822775,3.301539150693231,3.6920969486236572,1692032000,0.0,0.0
2018-11-21 00:00:00-05:00,3.8293003242207058,3.8461410828758407,3.5566280280522804,3.5838704109191895,1025496000,0.0,0.0
2018-11-23 00:00:00-05:00,3.5491978057546882,3.7047273366228306,3.5363195387709654,3.5910520553588867,411968000,0.0,0.0
2018-11-26 00:00:00-05:00,3.7121577346649683,3.80081953360021,3.629687311092119,3.7904179096221924,814832000,0.0,0.0
2018-11-27 00:00:00-05:00,3.7644137879820803,3.888490949404143,3.7285033840811654,3.8072588443756104,738060000,0.0,0.0
2018-11-28 00:00:00-05:00,3.9248960868553975,3.969474741099672,3.792398682502481,3.9642739295959473,804524000,0.0,0.0
2018-11-29 00:00:00-05:00,3.9665057654387845,4.0036916624209065,3.870813893285422,3.9010584354400635,549172000,0.004,0.0
2018-11-30 00:00:00-05:00,3.910725913254747,4.062196837468503,3.8604008642457814,4.051537036895752,729564000,0.0,0.0
2018-12-03 00:00:00-05:00,4.278869224109161,4.3304338573824435,4.148470072277258,4.215404987335205,890804000,0.0,0.0
2018-12-04 00:00:00-05:00,4.170780536036875,4.1757387815732026,3.8797382374438167,3.8948607444763184,812112000,0.0,0.0
2018-12-06 00:00:00-05:00,3.75429716655593,3.929071282156686,3.7386791204973977,3.9241132736206055,692308000,0.0,0.0
2018-12-07 00:00:00-05:00,3.9283273587357552,3.9384916186861436,3.6100154673684206,3.659348726272583,681676000,0.0,0.0
2018-12-10 00:00:00-05:00,3.6144776333869713,3.789499746439385,3.6107589498672916,3.764708995819092,629472000,0.0,0.0
2018-12-11 00:00:00-05:00,3.8564347832301142,3.864615698659635,3.59464548948545,3.6737277507781982,671912000,0.0,0.0
2018-12-12 00:00:00-05:00,3.679429165859756,3.7875163938795193,3.590182889360843,3.691328763961792,654136000,0.0,0.0
2018-12-13 00:00:00-05:00,3.738182946637535,3.8023906989318346,3.6551342437766,3.6910805702209473,471384000,0.0,0.0
2018-12-14 00:00:00-05:00,3.649432345753188,3.733224835556433,3.607040441886125,3.630591630935669,471820000,0.0,0.0
2018-12-17 00:00:00-05:00,3.6005951019784517,3.6727357689675313,3.5014323310872175,3.5594425201416016,662868000,0.0,0.0
2018-12-18 00:00:00-05:00,3.6033222877793443,3.726779806904519,3.576052647688927,3.6427395343780518,564372000,0.0,0.0
2018-12-19 00:00:00-05:00,3.6090243641054487,3.6625723304135414,3.382189823389399,3.4337544441223145,745364000,0.0,0.0
2018-12-20 00:00:00-05:00,3.4253254939257083,3.515315566431695,3.289472597662405,3.3492181301116943,749588000,0.0,0.0
2018-12-21 00:00:00-05:00,3.3757430949766065,3.4087147558378055,3.1846071848185127,3.212124824523926,863740000,0.0,0.0
2018-12-24 00:00:00-05:00,3.1357703320667087,3.2222897217099375,3.086436834380712,3.1503968238830566,463840000,0.0,0.0
2018-12-26 00:00:00-05:00,3.1965071459136443,3.30062791833471,3.085445020187456,3.2996363639831543,695100000,0.0,0.0
2018-12-27 00:00:00-05:00,3.2473290063579268,3.281788013493679,3.1032951700862834,3.25179123878479,637044000,0.0,0.0
2018-12-28 00:00:00-05:00,3.272367180055687,3.4059889685610223,3.230471044610633,3.3132717609405518,628728000,0.0,0.0
2018-12-31 00:00:00-05:00,3.356655537319944,3.3891311958798074,3.2788128285278346,3.309553384780884,465140000,0.0,0.0
2019-01-02 00:00:00-05:00,3.2386518561693443,3.43301049259578,3.2240253629792917,3.376983642578125,508752000,0.0,0.0
2019-01-03 00:00:00-05:00,3.3167417748790142,3.350704994204598,3.1655188592795396,3.1729559898376465,705552000,0.0,0.0
2019-01-04 00:00:00-05:00,3.2460889111903297,3.41441746410469,3.2153485937451323,3.3762400150299072,585620000,0.0,0.0
2019-01-07 00:00:00-05:00,3.433505654011213,3.591917917037865,3.3821888189513465,3.5549798011779785,709160000,0.0,0.0
2019-01-08 00:00:00-05:00,3.6365415129519585,3.6387728650754028,3.3938409502867053,3.466477632522583,786016000,0.0,0.0
2019-01-09 00:00:00-05:00,3.5177943883948593,3.5820023877661367,3.4672215634745385,3.5346522331237793,617260000,0.0,0.0
2019-01-10 00:00:00-05:00,3.515315921588131,3.609024451148577,3.4548265989412794,3.6003477573394775,523156000,0.0,0.0
2019-01-11 00:00:00-05:00,3.578036333362667,3.7124019193175917,3.550270911547932,3.6895945072174072,874764000,0.0,0.0
2019-01-14 00:00:00-05:00,3.6372843794543406,3.7547920621614788,3.613733194276791,3.7295055389404297,730168000,0.0,0.0
2019-01-15 00:00:00-05:00,3.762230762261631,3.8016480130469583,3.6970314368176425,3.715376615524292,617012000,0.0,0.0
2019-01-16 00:00:00-05:00,3.7426459262234966,3.7756173598890985,3.6843879610240897,3.6898417472839355,470104000,0.0,0.0
2019-01-17 00:00:00-05:00,3.6568700231702356,3.8011515963552576,3.629600148348307,3.7612385749816895,493436000,0.0,0.0
2019-01-18 00:00:00-05:00,3.811067993420753,3.916428340056704,3.7595033779921327,3.8903980255126953,651336000,0.0,0.0
2019-01-22 00:00:00-05:00,3.8601532826546614,3.871804874593101,3.657861522351456,3.688106060028076,661552000,0.0,0.0
2019-01-23 00:00:00-05:00,3.743389738594542,3.8321402518400047,3.669761495731134,3.7009975910186768,591020000,0.0,0.0
2019-01-24 00:00:00-05:00,3.785533005729498,3.930558105677471,3.780822768196953,3.912956953048706,708972000,0.0,0.0
2019-01-25 00:00:00-05:00,3.8534599692729863,3.9883210734512042,3.750826750296248,3.970223903656006,1154572000,0.0,0.0
2019-01-28 00:00:00-05:00,3.385164011862135,3.5113484074474446,3.2475760317779505,3.421358346939087,2511528000,0.0,0.0
2019-01-29 00:00:00-05:00,3.3752481748667558,3.4235901208092536,3.2478242024071347,3.262450695037842,1153932000,0.0,0.0
2019-01-30 00:00:00-05:00,3.3385575563328587,3.420366700036279,3.2589795281082385,3.4059882164001465,974228000,0.0,0.0
2019-01-31 00:00:00-05:00,3.4027658628909117,3.5993558465088427,3.3809500088856073,3.563657283782959,842852000,0.0,0.0
2019-02-01 00:00:00-05:00,3.5822496296734667,3.6390202527868305,3.534651711643944,3.587951421737671,625048000,0.0,0.0
2019-02-04 00:00:00-05:00,3.603818020039024,3.73545645319018,3.5817543959752496,3.698270559310913,528592000,0.0,0.0
2019-02-05 00:00:00-05:00,3.710170181264165,3.7540496620426036,3.676454962156793,3.7173595428466797,542424000,0.0,0.0
2019-02-06 00:00:00-05:00,3.750578985234241,3.8574269087437347,3.7451251987562206,3.792971134185791,702464000,0.0,0.0
2019-02-07 00:00:00-05:00,3.7466124261619984,3.7488435420610164,3.611751317049208,3.6546390056610107,637120000,0.0,0.0
2019-02-08 00:00:00-05:00,3.5874566967844927,3.683892358681444,3.5730782090092097,3.6732325553894043,461604000,0.0,0.0
2019-02-11 00:00:00-05:00,3.629104062984058,3.6833955647755463,3.5822496916842774,3.630591630935669,495180000,0.0,0.0
2019-02-12 00:00:00-05:00,3.669017642850428,3.7632221770531866,3.6546389204194045,3.7476038932800293,591060000,0.0,0.0
2019-02-13 00:00:00-05:00,3.7771045173246294,3.8631281274147784,3.7634695803135063,3.7899956703186035,605372000,0.0,0.0
2019-02-14 00:00:00-05:00,3.7890042996285453,3.8591618604799955,3.7458683708743217,3.8309004306793213,827264000,0.0,0.0
2019-02-15 00:00:00-05:00,4.039637849368373,4.062445020815011,3.8777548785081706,3.900562286376953,1516748000,0.0,0.0
2019-02-19 00:00:00-05:00,3.8899018579278906,3.963778096574503,3.87081313588739,3.8832082748413086,551892000,0.0,0.0
2019-02-20 00:00:00-05:00,3.9124615126387052,3.9977413414428553,3.901305934134855,3.930558681488037,540988000,0.0,0.0
2019-02-21 00:00:00-05:00,3.9432018299304374,3.9677443376011072,3.847013962321036,3.861640453338623,448548000,0.0,0.0
2019-02-22 00:00:00-05:00,3.9134532916355846,3.965265675504686,3.8998183542291325,3.946424722671509,401740000,0.0,0.0
2019-02-25 00:00:00-05:00,4.029969689522631,4.097400123693652,3.9253528882636495,3.9340298175811768,656020000,0.0,0.0
2019-02-26 00:00:00-05:00,3.9293193180145027,3.985346162492454,3.861144867868001,3.8946123123168945,488464000,0.0,0.0
2019-02-27 00:00:00-05:00,3.880234332950645,3.9067601905783857,3.79569804158222,3.8527166843414307,500256000,0.0,0.0
2019-02-28 00:00:00-05:00,3.8465119697999417,3.868846593297564,3.805813501351757,3.8281478881835938,324944000,0.004,0.0
2019-03-01 00:00:00-05:00,3.8780288130854856,3.9246832162652767,3.8197108091107466,3.882495880126953,357188000,0.0,0.0
2019-03-04 00:00:00-05:00,3.920961030205286,3.943791944150779,3.834104204905719,3.8906853199005127,409992000,0.0,0.0
2019-03-05 00:00:00-05:00,3.8750510759260504,3.922450032520482,3.820703610930234,3.884233236312866,362924000,0.0,0.0
2019-03-06 00:00:00-05:00,3.8752991412784,3.88373651390848,3.7705747590328067,3.7733044624328613,403524000,0.0,0.0
2019-03-07 00:00:00-05:00,3.749728575410522,3.759407022433055,3.657908643226314,3.704066753387451,450104000,0.0,0.0
2019-03-08 00:00:00-05:00,3.614728690275275,3.7489844603728097,3.593386642546014,3.7383134365081787,422416000,0.0,0.0
2019-03-11 00:00:00-04:00,3.7618894119862207,4.021714879717842,3.7147384799566043,3.9988842010498047,859728000,0.0,0.0
2019-03-12 00:00:00-04:00,4.0266786648870605,4.079537035556155,3.95049285149797,4.033131122589111,579576000,0.0,0.0
2019-03-13 00:00:00-04:00,4.070602498606583,4.213791933021078,4.063157465934027,4.184508800506592,768900000,0.0,0.0
2019-03-14 00:00:00-04:00,4.193691715792876,4.205603580882713,4.100878946410553,4.108572006225586,519384000,0.0,0.0
2019-03-15 00:00:00-04:00,4.1517522031925544,4.256724864502702,4.148277948618004,4.214041233062744,661484000,0.0,0.0
2019-03-18 00:00:00-04:00,4.245556839208918,4.299408249429872,4.165648524041506,4.1926984786987305,486992000,0.0,0.0
2019-03-19 00:00:00-04:00,4.287246277038783,4.404875290428064,4.270371538267205,4.360454082489014,854972000,0.0,0.0
2019-03-20 00:00:00-04:00,4.389490655990729,4.4428455392717945,4.2932036509999785,4.327946662902832,719148000,0.0,0.0
2019-03-21 00:00:00-04:00,4.351026340687899,4.590998856980265,4.346062985080759,4.564693450927734,824312000,0.0,0.0
2019-03-22 00:00:00-04:00,4.537396334174202,4.586035898002233,4.390980644422111,4.404877662658691,747644000,0.0,0.0
2019-03-25 00:00:00-04:00,4.364178797359979,4.428452501002684,4.246301705276111,4.31256103515625,525212000,0.0,0.0
2019-03-26 00:00:00-04:00,4.454260412401879,4.51034499309972,4.332909092485514,4.389242172241211,703508000,0.0,0.0
2019-03-27 00:00:00-04:00,4.414803205645676,4.461209104969056,4.31057512314032,4.380060195922852,474372000,0.0,0.0
2019-03-28 00:00:00-04:00,4.4061171395403385,4.464435374742539,4.345565726024359,4.398672580718994,480264000,0.0,0.0
2019-03-29 00:00:00-04:00,4.4654281289817,4.4803181938808985,4.4150514487343315,4.455997943878174,456896000,0.0,0.0
2019-04-01 00:00:00-04:00,4.5478183128725345,4.553774244421854,4.476099581852805,4.52349853515625,483824000,0.0,0.0
2019-04-02 00:00:00-04:00,4.547570531284838,4.585787326890967,4.504638406005335,4.541366100311279,440920000,0.0,0.0
2019-04-03 00:00:00-04:00,4.590998781994758,4.73989613445551,4.586035426468684,4.680833339691162,783504000,0.0,0.0
2019-04-04 00:00:00-04:00,4.665445909984478,4.7143339541762,4.609113307928134,4.671898365020752,457376000,0.0,0.0
2019-04-05 00:00:00-04:00,4.7150798614243,4.756026834788487,4.678600192062184,4.738655090332031,481744000,0.0,0.0
2019-04-08 00:00:00-04:00,4.708130773820031,4.784564830698593,4.684059022984847,4.759500503540039,424192000,0.0,0.0
2019-04-09 00:00:00-04:00,4.725999925375275,4.737167240551744,4.654529202912215,4.696716785430908,439972000,0.0,0.0
2019-04-10 00:00:00-04:00,4.695971111140945,4.793002196387266,4.691504280805379,4.76719331741333,444772000,0.0,0.0
2019-04-11 00:00:00-04:00,4.769675068980152,4.801191854240975,4.703912268394467,4.753296375274658,374600000,0.0,0.0
2019-04-12 00:00:00-04:00,4.7920093447847565,4.79598012337253,4.7066416284660155,4.715327262878418,471708000,0.0,0.0
2019-04-15 00:00:00-04:00,4.707634840354359,4.712598195926281,4.5438478931340445,4.583553791046143,440092000,0.0,0.0
2019-04-16 00:00:00-04:00,4.622763580392764,4.6895189606848335,4.590006191352661,4.670658588409424,394964000,0.0,0.0
2019-04-17 00:00:00-04:00,4.705650306304323,4.7264958344498496,4.625493949269709,4.647828578948975,351004000,0.0,0.0
2019-04-18 00:00:00-04:00,4.654529264956829,4.688527262577836,4.595466459310669,4.623260498046875,380988000,0.0,0.0
2019-04-22 00:00:00-04:00,4.599684036202599,4.692744814609717,4.568167725221055,4.67711067199707,279936000,0.0,0.0
2019-04-23 00:00:00-04:00,4.6902645393356766,4.762976340842555,4.680586325300699,4.731707572937012,346856000,0.0,0.0
2019-04-24 00:00:00-04:00,4.7421287729730555,4.784812868304873,4.681329331364547,4.744114398956299,318204000,0.0,0.0
2019-04-25 00:00:00-04:00,4.703911504137331,4.7262461258643835,4.558736936243019,4.638396739959717,499296000,0.0,0.0
2019-04-26 00:00:00-04:00,4.484537203505553,4.489004507650223,4.30064927615956,4.419518947601318,868988000,0.0,0.0
2019-04-29 00:00:00-04:00,4.42746047900362,4.478085671094279,4.3552452080308965,4.450291633605957,391920000,0.0,0.0
2019-04-30 00:00:00-04:00,4.418030603822513,4.51729536853452,4.398922201698565,4.491734981536865,362920000,0.0,0.0
2019-05-01 00:00:00-04:00,4.544095720899642,4.586283290364905,4.478332452616644,4.478580951690674,354280000,0.0,0.0
2019-05-02 00:00:00-04:00,4.488259823245239,4.587772593757041,4.445079671119755,4.54608154296875,394684000,0.0,0.0
2019-05-03 00:00:00-04:00,4.554518494249588,4.564444730621852,4.480069591465539,4.541614055633545,336824000,0.0,0.0
2019-05-06 00:00:00-04:00,4.355244474386474,4.47535521329689,4.318020255687678,4.463195323944092,422176000,0.0,0.0
2019-05-07 00:00:00-04:00,4.414804845724015,4.414804845724015,4.247791636601599,4.295935153961182,555220000,0.0,0.0
2019-05-08 00:00:00-04:00,4.268388759410136,4.396192102920152,4.256476894047728,4.316035747528076,419168000,0.0,0.0
2019-05-09 00:00:00-04:00,4.247045911532932,4.256724122828362,4.104601025463672,4.223470211029053,660248000,0.0,0.0
2019-05-10 00:00:00-04:00,4.192699381085993,4.25821416952721,4.069858916092858,4.1894731521606445,569500000,0.0,0.0
2019-05-13 00:00:00-04:00,4.0574505607810405,4.080529739066469,3.916246260731636,3.932128667831421,656912000,0.0,0.0
2019-05-14 00:00:00-04:00,3.9718332513000205,4.056456882018139,3.933120175554626,4.0212178230285645,524880000,0.0,0.0
2019-05-15 00:00:00-04:00,3.965629914136931,3.996650174053518,3.906319334322508,3.9601705074310303,502320000,0.0,0.0
2019-05-16 00:00:00-04:00,3.954710681031383,4.017992036732393,3.9122750848156906,3.9753079414367676,781088000,0.0,0.0
2019-05-17 00:00:00-04:00,3.9333692486664815,4.062661675740512,3.8450235572620977,3.884481191635132,1022068000,0.0,0.0
2019-05-20 00:00:00-04:00,3.78571231163381,3.84080432009012,3.7410430644171724,3.765859365463257,572064000,0.0,0.0
2019-05-21 00:00:00-04:00,3.8266587176075335,3.863882929348564,3.787945404864032,3.8480005264282227,361848000,0.0,0.0
2019-05-22 00:00:00-04:00,3.809287749778588,3.8353446527123523,3.766107367299259,3.777026653289795,325868000,0.0,0.0
2019-05-23 00:00:00-04:00,3.714738135070043,3.714738135070043,3.5961167386598394,3.655923843383789,591844000,0.0,0.0
2019-05-24 00:00:00-04:00,3.674783294540589,3.710022352514786,3.5953715195745453,3.60207200050354,357584000,0.0,0.0
2019-05-28 00:00:00-04:00,3.6196920056439863,3.6524493907931337,3.554921549251234,3.5569069385528564,428356000,0.0,0.0
2019-05-29 00:00:00-04:00,3.509259498143715,3.544250296076037,3.447963536163076,3.482706308364868,559800000,0.0,0.0
2019-05-30 00:00:00-04:00,3.4859362848892492,3.521712423887185,3.417862226175406,3.456122875213623,394300000,0.004,0.0
2019-05-31 00:00:00-04:00,3.407179481007383,3.4745081483814344,3.3637014971959016,3.365440607070923,389720000,0.0,0.0
2019-06-03 00:00:00-04:00,3.3766207957092447,3.4153783060627987,3.2943855368205752,3.323702096939087,478644000,0.0,0.0
2019-06-04 00:00:00-04:00,3.387800633337759,3.557985798338294,3.3656890602587226,3.5527684688568115,641836000,0.0,0.0
2019-06-05 00:00:00-04:00,3.626556334777787,3.6320222094851573,3.4737625211733563,3.510035514831543,511616000,0.0,0.0
2019-06-06 00:00:00-04:00,3.514258712882634,3.5967424935387413,3.5117742031377426,3.572146415710449,408140000,0.0,0.0
2019-06-07 00:00:00-04:00,3.5781097579801444,3.649164948157457,3.558979313986619,3.614879608154297,348856000,0.0,0.0
2019-06-10 00:00:00-04:00,3.6710276375043205,3.7562444749522297,3.6710276375043205,3.687673568725586,402780000,0.0,0.0
2019-06-11 00:00:00-04:00,3.7475493704262557,3.7853131677784257,3.7058107357981984,3.7453134059906006,383872000,0.0,0.0
2019-06-12 00:00:00-04:00,3.70183568426828,3.7080469602873056,3.617115917017962,3.6322710514068604,358892000,0.0,0.0
2019-06-13 00:00:00-04:00,3.654381740128526,3.701834787513184,3.636742099605151,3.6834499835968018,308080000,0.0,0.0
2019-06-14 00:00:00-04:00,3.590283338427657,3.614630873410024,3.5487930158718743,3.593513011932373,394428000,0.0,0.0
2019-06-17 00:00:00-04:00,3.5917742148022604,3.640221217075607,3.5689172416942827,3.6032028198242188,276040000,0.0,0.0
2019-06-18 00:00:00-04:00,3.6645689299172894,3.8536357625554243,3.6536374159713,3.7982325553894043,581920000,0.0,0.0
2019-06-19 00:00:00-04:00,3.8335110029638035,3.8449393690890057,3.778107571024625,3.804194450378418,331644000,0.0,0.0
2019-06-20 00:00:00-04:00,3.894877665415774,3.9087905440104374,3.8141329760826768,3.828542709350586,350168000,0.0,0.0
2019-06-21 00:00:00-04:00,3.813635435245714,3.862827593085385,3.7639461858862915,3.7704057693481445,434428000,0.0,0.0
2019-06-24 00:00:00-04:00,3.7917728616972606,3.8223316750293175,3.744568113644182,3.792766571044922,282948000,0.0,0.0
2019-06-25 00:00:00-04:00,3.7977352445402626,3.872765742957589,3.7607168499600174,3.7634496688842773,311868000,0.0,0.0
2019-06-26 00:00:00-04:00,3.890902281694261,4.017857999583035,3.8779831134734057,3.956740140914917,584072000,0.0,0.0
2019-06-27 00:00:00-04:00,4.042452597086261,4.0745019619675,4.006427922489517,4.0553717613220215,445440000,0.0,0.0
2019-06-28 00:00:00-04:00,4.099348524838968,4.108541166361156,4.033510654715419,4.080218315124512,397668000,0.0,0.0
2019-07-01 00:00:00-04:00,4.287422401513955,4.321707989155098,4.0909019926540235,4.128417491912842,709756000,0.0,0.0
2019-07-02 00:00:00-04:00,4.111770086156782,4.13288818594991,4.017361067786199,4.030528545379639,400228000,0.0,0.0
2019-07-03 00:00:00-04:00,4.053882152471348,4.059596573016038,3.9835723656335356,4.043447494506836,246636000,0.0,0.0
2019-07-05 00:00:00-04:00,3.9850638265751157,3.989535755890419,3.9174863735850263,3.9808402061462402,396552000,0.0,0.0
2019-07-08 00:00:00-04:00,3.9212128435384774,3.9400947426650323,3.875747442475692,3.905809164047241,329788000,0.0,0.0
2019-07-09 00:00:00-04:00,3.8635732502768936,3.936367787172201,3.8509026274936953,3.9082934856414795,342860000,0.0,0.0
2019-07-10 00:00:00-04:00,3.9517715160104028,4.034006766119606,3.93785863796451,3.976616144180298,452076000,0.0,0.0
2019-07-11 00:00:00-04:00,4.049658496796459,4.1718937373983955,4.012391793843723,4.131148815155029,682560000,0.0,0.0
2019-07-12 00:00:00-04:00,4.158973917914142,4.235246895387455,4.158973917914142,4.164191246032715,506392000,0.0,0.0
2019-07-15 00:00:00-04:00,4.185311810615536,4.201460422107696,4.12742407567596,4.1557464599609375,289840000,0.0,0.0
2019-07-16 00:00:00-04:00,4.140839419752032,4.17810613482863,4.095373771467706,4.151025772094727,341444000,0.0,0.0
2019-07-17 00:00:00-04:00,4.152763211915992,4.223321775418077,4.123446659043422,4.216365337371826,348204000,0.0,0.0
2019-07-18 00:00:00-04:00,4.226800107676858,4.2908988524978815,4.170154418749741,4.228042125701904,442192000,0.0,0.0
2019-07-19 00:00:00-04:00,4.2663023710111085,4.272761716743383,4.178849340793863,4.184812068939209,344896000,0.0,0.0
2019-07-22 00:00:00-04:00,4.206179898204065,4.269284945778942,4.1987263670271,4.256365776062012,315940000,0.0,0.0
2019-07-23 00:00:00-04:00,4.295619430613244,4.366177519950848,4.279966971202306,4.364190101623535,428176000,0.0,0.0
2019-07-24 00:00:00-04:00,4.407420539576318,4.444438939161471,4.3313963216236395,4.438724517822266,366236000,0.0,0.0
2019-07-25 00:00:00-04:00,4.397234942423174,4.4099058055435005,4.284192305517642,4.307546138763428,392700000,0.0,0.0
2019-07-26 00:00:00-04:00,4.334624590740554,4.396238814503891,4.334624590740554,4.349531173706055,274160000,0.0,0.0
2019-07-29 00:00:00-04:00,4.34232809083659,4.359470881054014,4.255123812592411,4.343321800231934,248160000,0.0,0.0
2019-07-30 00:00:00-04:00,4.296861228114971,4.3711463153442445,4.282451261301873,4.358972549438477,197772000,0.0,0.0
2019-07-31 00:00:00-04:00,4.327422111210673,4.328416294726717,4.149535290387198,4.191771030426025,359416000,0.0,0.0
2019-08-01 00:00:00-04:00,4.2022052664669705,4.292639469112317,4.0451877857026926,4.0973615646362305,421212000,0.0,0.0
2019-08-02 00:00:00-04:00,4.004690170288086,4.074006724858236,3.95723735268981,4.004690170288086,428348000,0.0,0.0
2019-08-05 00:00:00-04:00,3.8210893307733085,3.822331585896889,3.6993511718936496,3.746307373046875,589156000,0.0,0.0
2019-08-06 00:00:00-04:00,3.821089626245906,3.866555029992153,3.737363567316987,3.785064935684204,361272000,0.0,0.0
2019-08-07 00:00:00-04:00,3.724195196844107,3.8352503772102997,3.706804100698316,3.8233249187469482,372560000,0.0,0.0
2019-08-08 00:00:00-04:00,3.880964695975573,3.933138226420226,3.8235738361800475,3.9318959712982178,309300000,0.0,0.0
2019-08-09 00:00:00-04:00,3.8909023896141144,3.8943806090826705,3.7800957473959875,3.8305301666259766,341816000,0.0,0.0
2019-08-12 00:00:00-04:00,3.778357077090595,3.8305306121227263,3.74084182207671,3.762705087661743,279200000,0.0,0.0
2019-08-13 00:00:00-04:00,3.7612137050136867,3.9229516149101764,3.7222078919153594,3.8769891262054443,351956000,0.0,0.0
2019-08-14 00:00:00-04:00,3.7887910460613194,3.7999711041685047,3.684692540793524,3.7284188270568848,419880000,0.0,0.0
2019-08-15 00:00:00-04:00,3.747301036378363,3.767176644239833,3.6618358751868536,3.6961212158203125,477200000,0.0,0.0
2019-08-16 00:00:00-04:00,3.9589762535933977,4.013385507277069,3.8976100874493658,3.96419358253479,1007960000,0.0,0.0
2019-08-19 00:00:00-04:00,4.077485723093214,4.258850736030976,4.061336640774331,4.242949962615967,815112000,0.0,0.0
2019-08-20 00:00:00-04:00,4.237482513754813,4.237979605222216,4.149532864405939,4.170650959014893,463188000,0.0,0.0
2019-08-21 00:00:00-04:00,4.236737361813581,4.309283340257819,4.215122648342093,4.254128456115723,427244000,0.0,0.0
2019-08-22 00:00:00-04:00,4.26381986451658,4.306303907872529,4.22108703837855,4.260341644287109,303488000,0.0,0.0
2019-08-23 00:00:00-04:00,4.18381919720624,4.238228687783782,4.015870014222572,4.035745620727539,568056000,0.0,0.0
2019-08-26 00:00:00-04:00,4.114503303275129,4.138602530545175,4.072267578338995,4.110527992248535,318208000,0.0,0.0
2019-08-27 00:00:00-04:00,4.148787403077516,4.151520221428628,3.990527982661472,4.0198445320129395,290968000,0.0,0.0
2019-08-28 00:00:00-04:00,3.993484332256128,4.062122887485374,3.9541908785054782,4.009400367736816,255612000,0.004,0.0
2019-08-29 00:00:00-04:00,4.100918475882633,4.185473535124823,4.097436813714103,4.153143882751465,357976000,0.0,0.0
2019-08-30 00:00:00-04:00,4.199400652267596,4.24913909537312,4.147672823226955,4.16582727432251,290616000,0.0,0.0
2019-09-03 00:00:00-04:00,4.092961058921285,4.126036854372874,4.059885263469695,4.082764625549316,296140000,0.0,0.0
2019-09-04 00:00:00-04:00,4.1434455291553975,4.204375105695082,4.1434455291553975,4.196914196014404,227728000,0.0,0.0
2019-09-05 00:00:00-04:00,4.299126856709182,4.47619504358957,4.297386025121526,4.469977855682373,695676000,0.0,0.0
2019-09-06 00:00:00-04:00,4.446599880651899,4.5035502065782005,4.404819927731002,4.442869663238525,376976000,0.0,0.0
2019-09-09 00:00:00-04:00,4.473956428106972,4.575422713735388,4.472464151286875,4.488877773284912,417524000,0.0,0.0
2019-09-10 00:00:00-04:00,4.456051714851601,4.582138229852737,4.446352861622544,4.55552864074707,352812000,0.0,0.0
2019-09-11 00:00:00-04:00,4.570200296995046,4.63237312302588,4.541103270212947,4.584126949310303,361512000,0.0,0.0
2019-09-12 00:00:00-04:00,4.6306330293492355,4.685344954211608,4.574677382137096,4.582635402679443,327840000,0.0,0.0
2019-09-13 00:00:00-04:00,4.5159836129500786,4.553038643602737,4.4809179677037525,4.524687767028809,324592000,0.0,0.0
2019-09-16 00:00:00-04:00,4.4495830874231705,4.5162322430579716,4.439138102354041,4.481664180755615,231832000,0.0,0.0
2019-09-17 00:00:00-04:00,4.488379923419251,4.507280512218922,4.441874589707027,4.503052711486816,223048000,0.0,0.0
2019-09-18 00:00:00-04:00,4.496088348278625,4.511755825663599,4.389399610360724,4.4759440422058105,258152000,0.0,0.0
2019-09-19 00:00:00-04:00,4.481912478040276,4.500315952492896,4.3896479742191135,4.400341987609863,245476000,0.0,0.0
2019-09-20 00:00:00-04:00,4.399348500800233,4.422973999622492,4.284453165802615,4.294649124145508,350244000,0.0,0.0
2019-09-23 00:00:00-04:00,4.2948981982130965,4.393628469610187,4.291167506740265,4.348117828369141,249712000,0.0,0.0
2019-09-24 00:00:00-04:00,4.379452775739381,4.409046903518779,4.2551071589321605,4.290669918060303,317268000,0.0,0.0
2019-09-25 00:00:00-04:00,4.290172550436639,4.45207079453201,4.245408050238086,4.432424068450928,308432000,0.0,0.0
2019-09-26 00:00:00-04:00,4.4227265223260215,4.431430680556662,4.359309970255871,4.41029167175293,234564000,0.0,0.0
2019-09-27 00:00:00-04:00,4.3685105279319885,4.419243660966023,4.210840080665567,4.271521091461182,362056000,0.0,0.0
2019-09-30 00:00:00-04:00,4.297385955837763,4.339165913267927,4.266050513424115,4.328969478607178,186184000,0.0,0.0
2019-10-01 00:00:00-04:00,4.3520963323986965,4.501311158663394,4.322502206359098,4.3272271156311035,366008000,0.0,0.0
2019-10-02 00:00:00-04:00,4.305342695296318,4.317279957967904,4.230984069733126,4.303353309631348,293372000,0.0,0.0
2019-10-03 00:00:00-04:00,4.307828686032523,4.515237036231042,4.277488426999491,4.50901985168457,450588000,0.0,0.0
2019-10-04 00:00:00-04:00,4.511259292060045,4.554780547043525,4.446102398420786,4.525434970855713,265524000,0.0,0.0
2019-10-07 00:00:00-04:00,4.590344137045182,4.683851930785341,4.5816399793481475,4.584126949310303,480984000,0.0,0.0
2019-10-08 00:00:00-04:00,4.492358724464063,4.492358724464063,4.389400652670867,4.407555103302002,444436000,0.0,0.0
2019-10-09 00:00:00-04:00,4.484401243568398,4.543589986950533,4.455553247428991,4.494100093841553,292412000,0.0,0.0
2019-10-10 00:00:00-04:00,4.491859677729492,4.6027757195600945,4.486637186280268,4.551794052124023,309124000,0.0,0.0
2019-10-11 00:00:00-04:00,4.6358555477457,4.708721929678358,4.616954952400887,4.625410556793213,446404000,0.0,0.0
2019-10-14 00:00:00-04:00,4.6167036441599185,4.659727309085949,4.585617241383879,4.6388373374938965,200040000,0.0,0.0
2019-10-15 00:00:00-04:00,4.729113293362089,4.956168445454992,4.715186168860915,4.88355016708374,664124000,0.0,0.0
2019-10-16 00:00:00-04:00,4.849480716195139,4.954428672814224,4.818394301347735,4.829833984375,428944000,0.0,0.0
2019-10-17 00:00:00-04:00,4.874348961473756,4.919362020393605,4.7773590441272065,4.831822872161865,263436000,0.0,0.0
2019-10-18 00:00:00-04:00,4.8323200037831615,4.864898689154544,4.662961309729431,4.7373199462890625,307440000,0.0,0.0
2019-10-21 00:00:00-04:00,4.798746636070834,4.888027090545017,4.779846046393975,4.874597549438477,261868000,0.0,0.0
2019-10-22 00:00:00-04:00,4.931547495369261,5.036743978175857,4.856940309699533,4.864649772644043,328720000,0.0,0.0
2019-10-23 00:00:00-04:00,4.782581809503783,4.865893153302689,4.750749263949336,4.851717948913574,279916000,0.0,0.0
2019-10-24 00:00:00-04:00,4.893000695631441,4.929309599382195,4.858930206909556,4.8957366943359375,232020000,0.0,0.0
2019-10-25 00:00:00-04:00,4.976311981057411,5.107620931006642,4.968602518136838,5.08673095703125,423092000,0.0,0.0
2019-10-28 00:00:00-04:00,5.130500075054106,5.195159854407328,5.101154501129985,5.142686367034912,330792000,0.0,0.0
2019-10-29 00:00:00-04:00,5.128760121351249,5.13522633756321,5.0270457624179,5.046443462371826,211236000,0.0,0.0
2019-10-30 00:00:00-04:00,5.073302529211406,5.079022607580974,4.980291844493066,5.048433303833008,205960000,0.0,0.0
2019-10-31 00:00:00-04:00,5.027540727489904,5.048430695250905,4.919360198484166,4.999189853668213,209732000,0.0,0.0
2019-11-01 00:00:00-04:00,4.963877507310036,5.070566274339447,4.938759730853926,5.038236618041992,283640000,0.0,0.0
2019-11-04 00:00:00-05:00,5.119309075026829,5.2473853893637274,5.096181161014931,5.234950542449951,376716000,0.0,0.0
2019-11-05 00:00:00-05:00,5.234702336865044,5.260814805613796,5.164820057874853,5.212817668914795,300868000,0.0,0.0
2019-11-06 00:00:00-05:00,5.188695815194808,5.21431070636526,5.076038392227528,5.163578033447266,269012000,0.0,0.0
2019-11-07 00:00:00-05:00,5.2501214716749915,5.264794260554901,5.136469377936064,5.181233882904053,280340000,0.0,0.0
2019-11-08 00:00:00-05:00,5.164321868120669,5.198889931234302,5.126769252436766,5.167305946350098,189100000,0.0,0.0
2019-11-11 00:00:00-05:00,5.166562088355075,5.200384028252704,5.080266169786491,5.177256107330322,243436000,0.0,0.0
2019-11-12 00:00:00-05:00,5.215553193115959,5.26877329790565,5.180487539124105,5.212817668914795,283504000,0.0,0.0
2019-11-13 00:00:00-05:00,5.1814820220951665,5.2090867663225735,5.120552930817236,5.186953544616699,300188000,0.0,0.0
2019-11-14 00:00:00-05:00,5.195906181842262,5.219532154092562,5.135971784320938,5.217293739318848,518080000,0.0,0.0
2019-11-15 00:00:00-05:00,5.215054833764426,5.2667826542626015,4.989740549058636,5.078026294708252,1053628000,0.0,0.0
2019-11-18 00:00:00-05:00,5.070566056348818,5.3058277744765405,5.067581977545123,5.2792181968688965,574588000,0.0,0.0
2019-11-19 00:00:00-05:00,5.248133507800281,5.271759014339298,5.1143375403069395,5.1725311279296875,414564000,0.0,0.0
2019-11-20 00:00:00-05:00,5.149650115550484,5.335670977364485,5.13696671326512,5.251862049102783,472588000,0.0,0.0
2019-11-21 00:00:00-05:00,5.2473864291660375,5.303093036487459,5.205357444648713,5.226993560791016,288388000,0.0,0.0
2019-11-22 00:00:00-05:00,5.249622874240839,5.2961282015470195,5.221023440332193,5.244649410247803,224100000,0.0,0.0
2019-11-25 00:00:00-05:00,5.372726417443207,5.506273797518019,5.359794459543421,5.501299858093262,506476000,0.0,0.0
2019-11-26 00:00:00-05:00,5.483642772411083,5.488368157388335,5.390134983680362,5.39660120010376,385244000,0.0,0.0
2019-11-27 00:00:00-05:00,5.442145122688888,5.476489490194554,5.405062737577762,5.431443214416504,215784000,0.004,0.0
2019-11-29 00:00:00-05:00,5.400583575086742,5.428954908526938,5.370220438087533,5.394112586975098,141556000,0.0,0.0
2019-12-02 00:00:00-05:00,5.387142932977289,5.400582382431357,5.192522976774216,5.207704067230225,372036000,0.0,0.0
2019-12-03 00:00:00-05:00,5.024035587533009,5.172115920627536,4.986704462979626,5.1681342124938965,465232000,0.0,0.0
2019-12-04 00:00:00-05:00,5.251754966653496,5.274153732856538,5.183314503117947,5.211935043334961,273424000,0.0,0.0
2019-12-05 00:00:00-05:00,5.233837071340404,5.2495161149548695,5.1644006964450595,5.19501256942749,184884000,0.0,0.0
2019-12-06 00:00:00-05:00,5.264199438610396,5.31322789545581,5.254244219585735,5.280375957489014,232236000,0.0,0.0
2019-12-09 00:00:00-05:00,5.257479713237847,5.335128712742705,5.2487691339367535,5.280375957489014,211880000,0.0,0.0
2019-12-10 00:00:00-05:00,5.310489935126667,5.377188764051814,5.257728507924325,5.325422763824463,256388000,0.0,0.0
2019-12-11 00:00:00-05:00,5.335876340419063,5.414520780724694,5.3333875352250235,5.409045219421387,233796000,0.0,0.0
2019-12-12 00:00:00-05:00,5.380174119493013,5.594704023157455,5.371214803568274,5.576536178588867,404348000,0.0,0.0
2019-12-13 00:00:00-05:00,5.579522514952342,5.698733528864786,5.5205388530199935,5.574544906616211,454704000,0.0,0.0
2019-12-16 00:00:00-05:00,5.622080809045653,5.675837657921768,5.593957744993364,5.603415012359619,320976000,0.0,0.0
2019-12-17 00:00:00-05:00,5.622080800181148,5.704209451026532,5.612623532829805,5.6815619468688965,321196000,0.0,0.0
2019-12-18 00:00:00-05:00,5.716404688373708,5.772401607839485,5.70794284726493,5.711925029754639,343548000,0.0,0.0
2019-12-19 00:00:00-05:00,5.746517700958766,5.873443873474794,5.741540092305379,5.860004425048828,445360000,0.0,0.0
2019-12-20 00:00:00-05:00,5.9264538879845015,5.982699535294677,5.907290617285012,5.957314491271973,603044000,0.0,0.0
2019-12-23 00:00:00-05:00,5.985936088138887,6.018040861898894,5.932925924459894,5.94362735748291,355060000,0.0,0.0
2019-12-24 00:00:00-05:00,5.928196959593819,5.955822074319842,5.893852119730991,5.938649654388428,138864000,0.0,0.0
2019-12-26 00:00:00-05:00,5.942133176740019,5.980957670496352,5.923218643267122,5.9528350830078125,182852000,0.0,0.0
2019-12-27 00:00:00-05:00,5.968017870083893,5.981457322576022,5.868716778452037,5.895097732543945,254644000,0.0,0.0
2019-12-30 00:00:00-05:00,5.873195624374401,5.878421971488268,5.750500361530669,5.781858444213867,258056000,0.0,0.0
2019-12-31 00:00:00-05:00,5.74651875151284,5.865481056746165,5.727355476853931,5.856023788452148,231004000,0.0,0.0
2020-01-02 00:00:00-05:00,5.941884868219942,5.970754146575928,5.891363512424235,5.970754146575928,237536000,0.0,0.0
2020-01-03 00:00:00-05:00,5.851045561653233,5.918988548422026,5.826157991152776,5.875186443328857,205384000,0.0,0.0
2020-01-06 00:00:00-05:00,5.781857764502028,5.905050488955514,5.755726032004728,5.899824142456055,262636000,0.0,0.0
2020-01-07 00:00:00-05:00,5.92819844229083,6.017046844957756,5.883152158307303,5.971253871917725,314856000,0.0,0.0
2020-01-08 00:00:00-05:00,5.967023038034228,6.023766660251319,5.926954364044831,5.982453346252441,277108000,0.0,0.0
2020-01-09 00:00:00-05:00,6.068811004490261,6.120576999500233,5.994397505336159,6.048154354095459,255112000,0.0,0.0
2020-01-10 00:00:00-05:00,6.155420169305074,6.185782829312582,6.066323043308651,6.080508708953857,316296000,0.0,0.0
2020-01-13 00:00:00-05:00,6.163634002769199,6.296284043113698,6.1409860181036064,6.271147727966309,319840000,0.0,0.0
2020-01-14 00:00:00-05:00,6.228338121792565,6.253723637853036,6.1409831423051475,6.154173851013184,359088000,0.0,0.0
2020-01-15 00:00:00-05:00,6.166869238241896,6.189268010890896,6.085735990591707,6.111618995666504,263104000,0.0,0.0
2020-01-16 00:00:00-05:00,6.165126099200316,6.201213057446798,6.141731903266754,6.195240020751953,284192000,0.0,0.0
2020-01-17 00:00:00-05:00,6.21440262269456,6.221869036427009,6.156414852642917,6.203949928283691,253792000,0.0,0.0
2020-01-21 00:00:00-05:00,6.16736492115884,6.204198560894106,6.13650431691283,6.170600414276123,217916000,0.0,0.0
2020-01-22 00:00:00-05:00,6.215894983052631,6.311213856784252,6.196980451112162,6.224605560302734,239240000,0.0,0.0
2020-01-23 00:00:00-05:00,6.264673725096857,6.301506881881877,6.1758253761445046,6.2930450439453125,244516000,0.0,0.0
2020-01-24 00:00:00-05:00,6.408524704344975,6.458299843381298,6.179559919221518,6.233814716339111,373512000,0.0,0.0
2020-01-27 00:00:00-05:00,5.929192314169117,6.02899133900115,5.779618620640297,5.977972030639648,470536000,0.0,0.0
2020-01-28 00:00:00-05:00,6.043923483285389,6.203701127903374,5.990664110182417,6.171347618103027,310976000,0.0,0.0
2020-01-29 00:00:00-05:00,6.15691349496701,6.1930004533573255,6.071051388818257,6.1108717918396,258848000,0.0,0.0
2020-01-30 00:00:00-05:00,6.013063007373622,6.131029877336464,5.9580619920465185,6.117590427398682,290504000,0.0,0.0
2020-01-31 00:00:00-05:00,6.0717982136305295,6.083744287335184,5.842335907093359,5.884146690368652,370420000,0.0,0.0
2020-02-03 00:00:00-05:00,5.865977109635358,6.000618425103622,5.859755336536209,5.98120641708374,255564000,0.0,0.0
2020-02-04 00:00:00-05:00,6.123065746362249,6.169605393823703,6.073041867526822,6.150441646575928,271544000,0.0,0.0
2020-02-05 00:00:00-05:00,6.2713950863848416,6.281599042941354,6.15741039787647,6.24078369140625,208220000,0.0,0.0
2020-02-06 00:00:00-05:00,6.275129269822066,6.327641487121582,6.193996033305588,6.327641487121582,218284000,0.0,0.0
2020-02-07 00:00:00-05:00,6.287572971010172,6.309723003033855,6.236055704809275,6.261441230773926,189752000,0.0,0.0
2020-02-10 00:00:00-05:00,6.284088443035795,6.5454067824737585,6.279110833313493,6.544660568237305,529608000,0.0,0.0
2020-02-11 00:00:00-05:00,6.652920487059736,6.781837531508206,6.590950532170923,6.6671061515808105,638556000,0.0,0.0
2020-02-12 00:00:00-05:00,6.7198677162340585,6.789304086608207,6.681043216849115,6.782833099365234,374644000,0.0,0.0
2020-02-13 00:00:00-05:00,6.72484422185108,6.8062261770159695,6.697467848977049,6.739029884338379,528016000,0.0,0.0
2020-02-14 00:00:00-05:00,7.149176609223402,7.341059034322316,7.117818524879411,7.212141990661621,1041924000,0.0,0.0
2020-02-18 00:00:00-05:00,7.108858700139689,7.399295984825902,7.0894466884047596,7.380878925323486,620164000,0.0,0.0
2020-02-19 00:00:00-05:00,7.503325127505003,7.849758840322369,7.503325127505003,7.832088470458984,694332000,0.0,0.0
2020-02-20 00:00:00-05:00,7.784056461298665,7.872406892694111,7.375404030472952,7.682764530181885,810052000,0.0,0.0
2020-02-21 00:00:00-05:00,7.570523264472667,7.5956595793843675,7.233795475331477,7.318661689758301,768180000,0.0,0.0
2020-02-24 00:00:00-05:00,6.724347196251177,7.015033220439057,6.669843655720504,6.8012495040893555,856916000,0.0,0.0
2020-02-25 00:00:00-05:00,6.876409179119824,6.9383791289907055,6.419972975741394,6.521762847900391,1055496000,0.0,0.0
2020-02-26 00:00:00-05:00,6.522011350712756,6.855254805834206,6.52051844783171,6.661132335662842,747732000,0.0,0.0
2020-02-27 00:00:00-05:00,6.347611445500659,6.6489302455680726,6.197948305148538,6.2903361320495605,906416000,0.004,0.0
2020-02-28 00:00:00-05:00,6.037826334431292,6.784897141438854,6.021141893667339,6.7253804206848145,1133252000,0.0,0.0
2020-03-02 00:00:00-05:00,6.895464783839426,6.9126474759438485,6.499517154839416,6.883760452270508,890744000,0.0,0.0
2020-03-03 00:00:00-05:00,6.939541411420156,6.999307023640766,6.535874048383483,6.621289253234863,652792000,0.0,0.0
2020-03-04 00:00:00-05:00,6.728617764574341,7.09443339761163,6.653910399827267,7.084970474243164,597408000,0.0,0.0
2020-03-05 00:00:00-05:00,6.885503641255886,7.052349501241793,6.760991819623863,6.805567264556885,540328000,0.0,0.0
2020-03-06 00:00:00-05:00,6.626020817874118,6.683545501636067,6.424809580590504,6.625024795532227,515412000,0.0,0.0
2020-03-09 00:00:00-04:00,5.974076456092532,6.459672694457818,5.931244648976201,6.112035751342773,614160000,0.0,0.0
2020-03-10 00:00:00-04:00,6.388451401363497,6.5015082359313965,6.125731896825356,6.5015082359313965,580648000,0.0,0.0
2020-03-11 00:00:00-04:00,6.361557091677806,6.38994586331887,6.04056576513006,6.1376848220825195,499964000,0.0,0.0
2020-03-12 00:00:00-04:00,5.614486920815418,5.879946119674955,5.3739301811778155,5.386630535125732,816540000,0.0,0.0
2020-03-13 00:00:00-04:00,5.739994165932216,6.001967021688667,5.468807747955837,5.9974846839904785,634836000,0.0,0.0
2020-03-16 00:00:00-04:00,5.289511138473872,5.630424859985046,4.831058699125566,4.890824317932129,726972000,0.0,0.0
2020-03-17 00:00:00-04:00,5.003133264971401,5.4999355774252425,4.756351060498618,5.41053581237793,833632000,0.0,0.0
2020-03-18 00:00:00-04:00,4.982962586228591,5.2280016368582345,4.499358867162587,5.050696849822998,874268000,0.0,0.0
2020-03-19 00:00:00-04:00,5.0292817693992715,5.3970900221953935,4.815868874213177,5.303457260131836,765512000,0.0,0.0
2020-03-20 00:00:00-04:00,5.453617551932971,5.735512301243073,5.108221984216086,5.123661518096924,804636000,0.0,0.0
2020-03-23 00:00:00-04:00,5.122664106908183,5.3908629073250784,4.943616178155513,5.296482563018799,643876000,0.0,0.0
2020-03-24 00:00:00-04:00,5.702641033345908,6.2918312232495754,5.678983959481302,6.205170631408691,1101644000,0.0,0.0
2020-03-25 00:00:00-04:00,6.320218564952922,6.519935497420141,6.067708657505267,6.116517543792725,793432000,0.0,0.0
2020-03-26 00:00:00-04:00,6.323705539046025,6.529897349588991,6.225590457622035,6.4058837890625,696108000,0.0,0.0
2020-03-27 00:00:00-04:00,6.225591175797797,6.552310269100053,6.192720061989183,6.293574810028076,638828000,0.0,0.0
2020-03-30 00:00:00-04:00,6.359067749844578,6.623033160753268,6.314990552407411,6.613819122314453,602252000,0.0,0.0
2020-03-31 00:00:00-04:00,6.653910081745785,6.858109822313093,6.418582867740398,6.5642619132995605,949960000,0.0,0.0
2020-04-01 00:00:00-04:00,6.3662896961381685,6.512715437817378,6.008442645451946,6.053017616271973,656912000,0.0,0.0
2020-04-02 00:00:00-04:00,6.082152604719587,6.37500451862211,6.034091325317394,6.361806392669678,675764000,0.0,0.0
2020-04-03 00:00:00-04:00,6.324203549888502,6.365790446984206,5.93647398835557,6.073935031890869,663212000,0.0,0.0
2020-04-06 00:00:00-04:00,6.35607939382513,6.72065017554929,6.29855470911675,6.6837944984436035,727884000,0.0,0.0
2020-04-07 00:00:00-04:00,6.905425598520726,6.929083148905279,6.4073783058763185,6.4504594802856445,784520000,0.0,0.0
2020-04-08 00:00:00-04:00,6.559530672108475,6.672587506427425,6.489555004994916,6.6476850509643555,542444000,0.0,0.0
2020-04-09 00:00:00-04:00,6.7734427014723,6.796352639085369,6.485073111903276,6.548076152801514,525564000,0.0,0.0
2020-04-13 00:00:00-04:00,6.488309552776003,6.728617349173247,6.399906294509085,6.7199015617370605,398408000,0.0,0.0
2020-04-14 00:00:00-04:00,6.848147745862575,7.105139951403675,6.8205061161255385,7.071023941040039,530948000,0.0,0.0
2020-04-15 00:00:00-04:00,6.902935649755739,7.076505265302818,6.857613541451521,6.993580341339111,366148000,0.0,0.0
2020-04-16 00:00:00-04:00,7.148969793895517,7.445805794447285,7.135771668046719,7.338725566864014,745620000,0.0,0.0
2020-04-17 00:00:00-04:00,7.420903174994001,7.442319315033417,7.145483321026608,7.279458045959473,539120000,0.0,0.0
2020-04-20 00:00:00-04:00,7.152955099952114,7.308843758155547,7.1038973186254335,7.148223400115967,449388000,0.0,0.0
2020-04-21 00:00:00-04:00,7.030185707489499,7.091445112329841,6.651669709020383,6.711435317993164,735160000,0.0,0.0
2020-04-22 00:00:00-04:00,6.903681049184301,7.168642425254875,6.858110065474341,7.125810146331787,483356000,0.0,0.0
2020-04-23 00:00:00-04:00,7.167896158666759,7.2998783766301765,7.047368434745223,7.072519779205322,424160000,0.0,0.0
2020-04-24 00:00:00-04:00,7.062309990799621,7.213466940038057,6.987602620072734,7.211474895477295,352328000,0.0,0.0
2020-04-27 00:00:00-04:00,7.345948193997558,7.557867261209609,7.321294622853795,7.397994041442871,479388000,0.0,0.0
2020-04-28 00:00:00-04:00,7.545413698972636,7.575296735244545,7.250072025777779,7.255550384521484,442904000,0.0,0.0
2020-04-29 00:00:00-04:00,7.3902745446594515,7.485152680294382,7.31506939429572,7.43235969543457,379160000,0.0,0.0
2020-04-30 00:00:00-04:00,7.3783211316071595,7.432359499221081,7.264517624193777,7.278462886810303,375916000,0.0,0.0
2020-05-01 00:00:00-04:00,7.080986751472618,7.194292483570223,6.993579499567315,7.0418901443481445,342096000,0.0,0.0
2020-05-04 00:00:00-04:00,6.994574835078078,7.267504872616787,6.994574835078078,7.253808498382568,317556000,0.0,0.0
2020-05-05 00:00:00-04:00,7.357900502172547,7.477431715733212,7.253808345175907,7.3148193359375,368896000,0.0,0.0
2020-05-06 00:00:00-04:00,7.394258543064645,7.520513510750665,7.356406846446579,7.415674209594727,323464000,0.0,0.0
2020-05-07 00:00:00-04:00,7.554878755504124,7.655235248420218,7.503580043298903,7.591983318328857,373732000,0.0,0.0
2020-05-08 00:00:00-04:00,7.663701829138328,7.788213639441063,7.629834696531762,7.781988143920898,339216000,0.0,0.0
2020-05-11 00:00:00-04:00,7.777007644992657,8.080816769532566,7.748369985297888,8.034000396728516,469060000,0.0,0.0
2020-05-12 00:00:00-04:00,8.091773445172167,8.140581862302048,7.7623152046208865,7.772027015686035,493060000,0.0,0.0
2020-05-13 00:00:00-04:00,7.8865779921689985,8.046948977792091,7.56508841049822,7.74961519241333,625852000,0.0,0.0
2020-05-14 00:00:00-04:00,7.811123830529549,8.004615284650143,7.65747611657853,7.999136924743652,602312000,0.0,0.0
2020-05-15 00:00:00-04:00,7.858936085271432,8.467300485063323,7.843247666290746,8.457589149475098,987660000,0.0,0.0
2020-05-18 00:00:00-04:00,8.726286911987017,8.881677810195608,8.646599418026181,8.716076850891113,774460000,0.0,0.0
2020-05-19 00:00:00-04:00,8.755919887687877,9.052008785604071,8.728527135745038,8.771110534667969,717320000,0.0,0.0
2020-05-20 00:00:00-04:00,8.955883976329927,9.007680925239711,8.854033235926078,8.934966087341309,587536000,0.0,0.0
2020-05-21 00:00:00-04:00,9.016152169416157,9.017147717019329,8.703378281069982,8.740981101989746,761068000,0.0,0.0
2020-05-22 00:00:00-04:00,8.790783051898014,9.057488103343827,8.679220949290434,8.990998268127441,1038764000,0.0,0.0
2020-05-26 00:00:00-04:00,9.120988085794831,9.14589101839165,8.638131479647026,8.68370246887207,770780000,0.0,0.0
2020-05-27 00:00:00-04:00,8.591313828721544,8.599033119211315,7.965517427372133,8.49195384979248,1175892000,0.0,0.0
2020-05-28 00:00:00-04:00,8.379397490106369,8.72628786868521,8.346526371494983,8.453856468200684,734896000,0.0,0.0
2020-05-29 00:00:00-04:00,8.52109100854398,8.840837478637695,8.451862463225005,8.840837478637695,745256000,0.0,0.0
2020-06-01 00:00:00-04:00,8.798751283519696,8.806221687857695,8.655562517360025,8.771856307983398,389876000,0.0,0.0
2020-06-02 00:00:00-04:00,8.761894954765905,8.802734236486176,8.624184566222704,8.790781021118164,391320000,0.0,0.0
2020-06-03 00:00:00-04:00,8.787796002330985,8.831623838211076,8.666022881980009,8.735251426696777,365440000,0.0,0.0
2020-06-04 00:00:00-04:00,8.697880093507253,8.912387299046383,8.647554448398513,8.736248016357422,424280000,0.004,0.0
2020-06-05 00:00:00-04:00,8.764150747814513,8.965951317079053,8.677949089907083,8.889217376708984,481748000,0.0,0.0
2020-06-08 00:00:00-04:00,8.846616337617116,8.859073012868846,8.65577744970242,8.774616241455078,387736000,0.0,0.0
2020-06-09 00:00:00-04:00,8.769632482507,9.078313178349852,8.721050788735848,9.014782905578613,468488000,0.0,0.0
2020-06-10 00:00:00-04:00,9.136113250908178,9.467216327764026,9.121911673712983,9.334425926208496,632180000,0.0,0.0
2020-06-11 00:00:00-04:00,9.118424384663026,9.229290402084363,8.755681123434155,8.76589584350586,583652000,0.0,0.0
2020-06-12 00:00:00-04:00,9.130879089754174,9.155543430146446,8.673213588252866,8.90167236328125,570908000,0.0,0.0
2020-06-15 00:00:00-04:00,8.784830305263167,9.150563471402632,8.713576265400734,9.14209270477295,400004000,0.0,0.0
2020-06-16 00:00:00-04:00,9.193166454417003,9.234772336560175,8.808248844100119,9.037205696105957,535716000,0.0,0.0
2020-06-17 00:00:00-04:00,9.082297700621664,9.266907709322622,9.038946927708247,9.20412540435791,408304000,0.0,0.0
2020-06-18 00:00:00-04:00,9.195160327375284,9.250468842136558,9.083048344699264,9.18619155883789,254408000,0.0,0.0
2020-06-19 00:00:00-04:00,9.21060356951185,9.41240411476857,9.195405993409821,9.229288101196289,524160000,0.0,0.0
2020-06-22 00:00:00-04:00,9.267905738300618,9.498357500699983,9.24124749036034,9.49387264251709,398468000,0.0,0.0
2020-06-23 00:00:00-04:00,9.518040209035501,9.60922473407461,9.375036034949984,9.417388916015625,375108000,0.0,0.0
2020-06-24 00:00:00-04:00,9.443546092407447,9.523519878138092,9.112941082565484,9.203627586364746,449372000,0.0,0.0
2020-06-25 00:00:00-04:00,9.323463251881568,9.47219821833434,9.150561942125533,9.457249641418457,376072000,0.0,0.0
2020-06-26 00:00:00-04:00,9.467219072070176,9.467219072070176,9.093513056067405,9.123409271240234,592084000,0.0,0.0
2020-06-29 00:00:00-04:00,9.13810678244257,9.17273685020403,8.869287056151329,9.168251991271973,342248000,0.0,0.0
2020-06-30 00:00:00-04:00,9.281860226431489,9.493377570166425,9.234524477242928,9.46497631072998,367892000,0.0,0.0
2020-07-01 00:00:00-04:00,9.487893554343412,9.542704051253338,9.380515464752774,9.497111320495605,326648000,0.0,0.0
2020-07-02 00:00:00-04:00,9.605735016599972,9.703895336504779,9.545194661870283,9.57907772064209,364056000,0.0,0.0
2020-07-06 00:00:00-04:00,9.708130664633469,9.874554159667008,9.678981462887307,9.805294036865234,315892000,0.0,0.0
2020-07-07 00:00:00-04:00,9.91192667092791,10.035249358720971,9.816756237339161,9.83768367767334,357800000,0.0,0.0
2020-07-08 00:00:00-04:00,9.95926117147938,10.189713887639842,9.931108920781993,10.180744171142578,365480000,0.0,0.0
2020-07-09 00:00:00-04:00,10.344427963094862,10.533522858711208,10.19818394553141,10.472733497619629,494548000,0.0,0.0
2020-07-10 00:00:00-04:00,10.55221156800369,10.618481809306093,10.342936171402073,10.443089485168457,497676000,0.0,0.0
2020-07-13 00:00:00-04:00,10.558436349316613,10.75500504348542,9.990402803817826,10.017559051513672,457076000,0.0,0.0
2020-07-14 00:00:00-04:00,10.040230598743554,10.366849726213491,9.751729438645214,10.341188430786133,542676000,0.0,0.0
2020-07-15 00:00:00-04:00,10.378311468876817,10.396996003532037,10.02104815021368,10.191956520080566,403984000,0.0,0.0
2020-07-16 00:00:00-04:00,9.980441376324745,10.171529274896972,9.861353577760145,10.099778175354004,344964000,0.0,0.0
2020-07-17 00:00:00-04:00,10.190210484156454,10.213130872263463,10.052936205491429,10.166293144226074,266284000,0.0,0.0
2020-07-20 00:00:00-04:00,10.23879412998473,10.49490720598803,10.121699312228516,10.474477767944336,284852000,0.0,0.0
2020-07-21 00:00:00-04:00,10.476722161899874,10.523560860217113,10.251253190453125,10.292859077453613,277036000,0.0,0.0
2020-07-22 00:00:00-04:00,10.33172304210224,10.565911737188781,10.255985098028882,10.402727127075195,367292000,0.0,0.0
2020-07-23 00:00:00-04:00,10.413937722405896,10.510603105060774,9.996632984171347,10.094793319702148,411660000,0.0,0.0
2020-07-24 00:00:00-04:00,9.840920619627777,10.32898036367836,9.743259250895763,10.159317970275879,473292000,0.0,0.0
2020-07-27 00:00:00-04:00,10.196937419864197,10.40571377012534,10.182486845355736,10.385534286499023,292132000,0.0,0.0
2020-07-28 00:00:00-04:00,10.338450010177334,10.346172824798396,10.1740194451191,10.18024730682373,271636000,0.0,0.0
2020-07-29 00:00:00-04:00,10.354890347644337,10.479956960079575,10.311291523626386,10.42938232421875,284508000,0.0,0.0
2020-07-30 00:00:00-04:00,10.339196994838801,10.586341318065257,10.259722142656354,10.577372550964355,308880000,0.0,0.0
2020-07-31 00:00:00-04:00,10.526795731850012,10.729345196481006,10.396995248418266,10.578118324279785,386080000,0.0,0.0
2020-08-03 00:00:00-04:00,10.69546415667313,11.060450332078197,10.678273622483482,10.97225570678711,412720000,0.0,0.0
2020-08-04 00:00:00-04:00,11.01186864600125,11.189004898071289,10.868365510639228,11.189004898071289,310336000,0.0,0.0
2020-08-05 00:00:00-04:00,11.205197994341091,11.332506580940676,11.127716100125092,11.24779987335205,249924000,0.0,0.0
2020-08-06 00:00:00-04:00,11.310581622328327,11.31880338730458,11.14017221407124,11.296380996704102,244316000,0.0,0.0
2020-08-07 00:00:00-04:00,11.273462404012015,11.465049231458748,10.999411764399314,11.160852432250977,342516000,0.0,0.0
2020-08-10 00:00:00-04:00,11.295136986086273,11.368881025799643,10.819034882228621,11.126470565795898,427796000,0.0,0.0
2020-08-11 00:00:00-04:00,11.035534226796273,11.098317491574115,10.758493721569288,10.812557220458984,354512000,0.0,0.0
2020-08-12 00:00:00-04:00,10.952823156927446,11.427429397401577,10.920435042632398,11.400772094726562,464412000,0.0,0.0
2020-08-13 00:00:00-04:00,11.506153367122069,11.681297569830996,11.31656048998082,11.403509140014648,374460000,0.0,0.0
2020-08-14 00:00:00-04:00,11.490210564033843,11.664357841752082,11.401019946468677,11.524093627929688,366436000,0.0,0.0
2020-08-17 00:00:00-04:00,11.810352048276599,12.36692500157999,11.7764699343852,12.294425964355469,621300000,0.0,0.0
2020-08-18 00:00:00-04:00,12.407036010306534,12.452877747550117,12.044541772145244,12.218439102172852,503448000,0.0,0.0
2020-08-19 00:00:00-04:00,12.254064801327434,12.27250033410157,12.05624919671835,12.096610069274902,622624000,0.0,0.0
2020-08-20 00:00:00-04:00,11.933676401170455,12.3322956793392,11.837758013672044,12.099102973937988,921388000,0.0,0.0
2020-08-21 00:00:00-04:00,12.15964153363295,12.764547124909544,12.153163721850538,12.639729499816895,999868000,0.0,0.0
2020-08-24 00:00:00-04:00,12.839287128629763,12.867938328289826,12.464335330829451,12.676351547241211,490564000,0.0,0.0
2020-08-25 00:00:00-04:00,12.587162502642434,12.717212003155831,12.530359043130268,12.706001281738281,289076000,0.0,0.0
2020-08-26 00:00:00-04:00,12.755081191057094,12.82409232523214,12.634000455714471,12.728921890258789,321244000,0.0,0.0
2020-08-27 00:00:00-04:00,12.737391908262952,12.805656037139427,12.523133704353224,12.584671020507812,317604000,0.0,0.0
2020-08-28 00:00:00-04:00,12.631260528605571,13.10262784564443,12.598872415476373,13.102378845214844,537160000,0.0,0.0
2020-08-31 00:00:00-04:00,13.137257437320157,13.52815388381572,12.992758311577335,13.328346252441406,500840000,0.0,0.0
2020-09-01 00:00:00-04:00,13.437500302872197,13.949630647103293,13.39413750128578,13.777425765991211,511316000,0.004,0.0
2020-09-02 00:00:00-04:00,14.657391497757109,14.680319697982243,13.856175532405885,14.301268577575684,874012000,0.0,0.0
2020-09-03 00:00:00-04:00,13.785149967250463,13.840724090532843,12.838145345378821,12.974464416503906,945128000,0.0,0.0
2020-09-04 00:00:00-04:00,12.743442425299765,13.133459422701637,11.667844990816311,12.582701683044434,1463684000,0.0,0.0
2020-09-08 00:00:00-04:00,11.69750507921574,12.510434346099357,11.667350850169926,11.875442504882812,795728000,0.0,0.0
2020-09-09 00:00:00-04:00,12.36090597859169,12.768865989379982,12.19318633889439,12.67491340637207,736200000,0.0,0.0
2020-09-10 00:00:00-04:00,12.94829871786249,13.024059324113075,12.128640676598586,12.272934913635254,698684000,0.0,0.0
2020-09-11 00:00:00-04:00,12.446138237529997,12.61261156665799,11.858247209010582,12.126150131225586,636928000,0.0,0.0
2020-09-14 00:00:00-04:00,13.039759537676474,13.273021054817024,12.591427528763537,12.831666946411133,1201744000,0.0,0.0
2020-09-15 00:00:00-04:00,13.238132111969612,13.256823189308754,12.787308384101589,12.950043678283691,727556000,0.0,0.0
2020-09-16 00:00:00-04:00,12.916399323525857,13.051472087075725,12.474297979375853,12.475045204162598,556384000,0.0,0.0
2020-09-17 00:00:00-04:00,12.094000865150567,12.550058975439136,11.996808402477319,12.424206733703613,792512000,0.0,0.0
2020-09-18 00:00:00-04:00,12.554043494899407,12.592671016823958,11.950951439901562,12.150818824768066,698460000,0.0,0.0
2020-09-21 00:00:00-04:00,11.88740432937985,12.483020443369432,11.866968777052533,12.477787017822266,721044000,0.0,0.0
2020-09-22 00:00:00-04:00,12.535355033042217,12.608124842781287,12.117178177313727,12.597907066345215,646452000,0.0,0.0
2020-09-23 00:00:00-04:00,12.535852009546938,12.686875066180855,12.04116736498731,12.085526466369629,647012000,0.0,0.0
2020-09-24 00:00:00-04:00,12.034188858042343,12.52987072793665,11.976122083308846,12.30906867980957,731240000,0.0,0.0
2020-09-25 00:00:00-04:00,12.408255730099048,12.842880979305574,12.207142005563057,12.833161354064941,588016000,0.0,0.0
2020-09-28 00:00:00-04:00,12.99913658510344,13.010600685407562,12.709801858885758,12.993903160095215,573808000,0.0,0.0
2020-09-29 00:00:00-04:00,12.896711278367409,13.400368327891107,12.89247510346008,13.184052467346191,621460000,0.0,0.0
2020-09-30 00:00:00-04:00,13.116018379126281,13.579552517363965,13.108791403649274,13.487842559814453,689184000,0.0,0.0
2020-10-01 00:00:00-04:00,13.714624981038467,13.71935930583392,13.418311387565605,13.571577072143555,525004000,0.0,0.0
2020-10-02 00:00:00-04:00,13.183306677405055,13.476877623237657,13.009854499558205,13.021069526672363,552496000,0.0,0.0
2020-10-05 00:00:00-04:00,13.194269071030487,13.601231779612217,13.181060496314407,13.5994873046875,479820000,0.0,0.0
2020-10-06 00:00:00-04:00,13.786396879631232,14.09741348387712,13.621917127514193,13.693191528320312,784420000,0.0,0.0
2020-10-07 00:00:00-04:00,13.955610090837824,14.074733477000146,13.819789181395864,13.91997241973877,418084000,0.0,0.0
2020-10-08 00:00:00-04:00,14.03062436412646,14.040094914623563,13.714624359696066,13.795119285583496,378900000,0.0,0.0
2020-10-09 00:00:00-04:00,13.723596523541781,13.780666052397772,13.617681691548734,13.719359397888184,346892000,0.0,0.0
2020-10-12 00:00:00-04:00,13.945394372067542,14.301767332906016,13.868637469979598,14.181148529052734,434744000,0.0,0.0
2020-10-13 00:00:00-04:00,14.251428121601737,14.303264228622615,13.9745537592613,14.203330039978027,344604000,0.0,0.0
2020-10-14 00:00:00-04:00,14.245442857440006,14.297528026005452,13.91598524798119,14.050808906555176,276100000,0.0,0.0
2020-10-15 00:00:00-04:00,13.767207595825163,13.961592497317445,13.72434294529411,13.925955772399902,267224000,0.0,0.0
2020-10-16 00:00:00-04:00,13.992497811274266,14.076980804729995,13.749017533230512,13.76795768737793,242392000,0.0,0.0
2020-10-19 00:00:00-04:00,13.859166394923227,13.93941224406965,13.364480823563948,13.455194473266602,298068000,0.0,0.0
2020-10-20 00:00:00-04:00,13.540673229981198,13.756241845405201,13.464414483515402,13.60247802734375,229212000,0.0,0.0
2020-10-21 00:00:00-04:00,13.582043246069873,13.74801839791896,13.435008244461862,13.482109069824219,219596000,0.0,0.0
2020-10-22 00:00:00-04:00,13.47986707572771,13.568835305575032,13.1900332336967,13.318876266479492,290480000,0.0,0.0
2020-10-23 00:00:00-04:00,13.407593415945206,13.550392228128988,13.249344355802839,13.547401428222656,233484000,0.0,0.0
2020-10-26 00:00:00-04:00,13.384669660400956,13.649581780090575,12.997394244849335,13.099820137023926,336896000,0.0,0.0
2020-10-27 00:00:00-04:00,13.264049540110301,13.399621400164184,13.149910481987002,13.354514122009277,250520000,0.0,0.0
2020-10-28 00:00:00-04:00,13.156390531397943,13.218195337375095,12.569247726617979,12.587190628051758,376520000,0.0,0.0
2020-10-29 00:00:00-04:00,12.798022516795879,13.151155583949004,12.709801518732187,12.982937812805176,320080000,0.0,0.0
2020-10-30 00:00:00-04:00,12.809487666588163,12.895714171196541,12.261221483654902,12.494483947753906,416820000,0.0,0.0
2020-11-02 00:00:00-05:00,12.617841179610163,12.796276706978205,12.355919937958806,12.541084289550781,299652000,0.0,0.0
2020-11-03 00:00:00-05:00,12.668435175677907,13.06368480734356,12.563018478769813,12.97845458984375,272900000,0.0,0.0
2020-11-04 00:00:00-05:00,13.347038123353176,13.78390701250947,13.294952940813513,13.750761032104492,410228000,0.0,0.0
2020-11-05 00:00:00-05:00,14.117848141886952,14.293791032615538,13.946888650320856,14.115355491638184,319028000,0.0,0.0
2020-11-06 00:00:00-05:00,14.065267578795297,14.542757580837613,13.851195258540193,14.516092300415039,383348000,0.0,0.0
2020-11-09 00:00:00-05:00,14.5066202611926,14.645181976540904,13.567839732214685,13.587776184082031,582976000,0.0,0.0
2020-11-10 00:00:00-05:00,13.563601087866017,13.563601087866017,12.588435764036982,12.72973918914795,644068000,0.0,0.0
2020-11-11 00:00:00-05:00,13.012594400822232,13.39264278268389,12.90742679884248,13.375696182250977,404744000,0.0,0.0
2020-11-12 00:00:00-05:00,13.436503832434182,13.722598689302842,13.274017628340097,13.414323806762695,365812000,0.0,0.0
2020-11-13 00:00:00-05:00,13.58428594217903,13.625655192905109,13.018076883230666,13.255077362060547,346312000,0.0,0.0
2020-11-16 00:00:00-05:00,13.13096916459676,13.60646550624664,13.114521665227775,13.472639083862305,413776000,0.0,0.0
2020-11-17 00:00:00-05:00,13.50977173125303,13.553383607027966,13.261806251274743,13.379932403564453,312028000,0.0,0.0
2020-11-18 00:00:00-05:00,13.422798478821212,13.562855596647298,13.14343241864319,13.38641357421875,510924000,0.0,0.0
2020-11-19 00:00:00-05:00,13.171093089061117,13.44497661001742,13.058698515613026,13.397875785827637,565936000,0.0,0.0
2020-11-20 00:00:00-05:00,13.411585106093474,13.451957113116418,13.023810585909859,13.046489715576172,341088000,0.0,0.0
2020-11-23 00:00:00-05:00,13.129726118332753,13.340309476449224,12.974466868389637,13.0985746383667,361356000,0.0,0.0
2020-11-24 00:00:00-05:00,13.101064907711441,13.120503208532503,12.844377045037543,12.916897773742676,346500000,0.0,0.0
2020-11-25 00:00:00-05:00,12.99140992255428,13.227662195341338,12.97894952410503,13.193021774291992,259916000,0.0,0.0
2020-11-27 00:00:00-05:00,13.332832293979013,13.365230096581229,13.128976828642482,13.219440460205078,167276000,0.0,0.0
2020-11-30 00:00:00-05:00,13.223178161034154,13.370213157845031,12.931350792165748,13.359247207641602,286952000,0.0,0.0
2020-12-01 00:00:00-05:00,13.449712726033608,13.48609762777796,13.186544162676142,13.347784996032715,296948000,0.0,0.0
2020-12-02 00:00:00-05:00,13.30841094984548,13.630392605453737,13.19252740479343,13.501799583435059,283360000,0.0,0.0
2020-12-03 00:00:00-05:00,13.548663195020822,13.620956200375707,13.290902903796256,13.357710838317871,199520000,0.004,0.0
2020-12-04 00:00:00-05:00,13.410060816255628,13.521242861894294,13.350481990906417,13.519497871398926,202244000,0.0,0.0
2020-12-07 00:00:00-05:00,13.562373622565351,13.692002161308737,13.46141332691698,13.56785774230957,223244000,0.0,0.0
2020-12-08 00:00:00-05:00,13.54616991993234,13.559880694269241,13.243537241523532,13.31184196472168,271920000,0.0,0.0
2020-12-09 00:00:00-05:00,13.262482439496566,13.375657659277737,12.831467938222275,12.893789291381836,401300000,0.0,0.0
2020-12-10 00:00:00-05:00,12.832218590000648,13.031397616453376,12.812773594068839,12.935173034667969,207764000,0.0,0.0
2020-12-11 00:00:00-05:00,12.930186145778586,12.982785958539413,12.786348532943185,12.976055145263672,209264000,0.0,0.0
2020-12-14 00:00:00-05:00,13.050591101752886,13.350481252818426,13.040121159359513,13.270709991455078,270156000,0.0,0.0
2020-12-15 00:00:00-05:00,13.401335220553591,13.425515937821444,13.149059056353826,13.322312355041504,193016000,0.0,0.0
2020-12-16 00:00:00-05:00,13.384135760177303,13.39884408132627,13.174735939570619,13.20465087890625,223116000,0.0,0.0
2020-12-17 00:00:00-05:00,13.328544212374,13.341258393471877,13.140832689289908,13.303117752075195,231384000,0.0,0.0
2020-12-18 00:00:00-05:00,13.34075861756635,13.366684324788022,13.033141062616313,13.234065055847168,342064000,0.0,0.0
2020-12-21 00:00:00-05:00,13.037376221302102,13.331782198420145,12.930432578744494,13.294139862060547,302332000,0.0,0.0
2020-12-22 00:00:00-05:00,13.281180494833558,13.29912869656647,13.01668843755986,13.240297317504883,185580000,0.0,0.0
2020-12-23 00:00:00-05:00,13.218107614003037,13.237053356220011,12.967825639121257,12.972063064575195,179144000,0.0,0.0
2020-12-24 00:00:00-05:00,12.999985337124272,13.094963214418865,12.901767578496214,12.956609725952148,97884000,0.0,0.0
2020-12-28 00:00:00-05:00,13.025165548440373,13.025165548440373,12.726771196734271,12.863129615783691,212564000,0.0,0.0
2020-12-29 00:00:00-05:00,12.88805741816548,13.035135865574905,12.80554361813499,12.906254768371582,170372000,0.0,0.0
2020-12-30 00:00:00-05:00,12.953118393359109,13.175979793542856,12.859886467129405,13.108174324035645,225396000,0.0,0.0
2020-12-31 00:00:00-05:00,13.098953955951297,13.113412177695672,12.878086645878383,13.01768684387207,192424000,0.0,0.0
2021-01-04 00:00:00-05:00,13.066793177906842,13.613476275130822,12.92544801691905,13.076016426086426,560640000,0.0,0.0
2021-01-05 00:00:00-05:00,13.062305596703991,13.405073031038857,13.049592368083989,13.366434097290039,322760000,0.0,0.0
2021-01-06 00:00:00-05:00,13.184708458178918,13.207144188690481,12.550028240039332,12.578446388244629,580424000,0.0,0.0
2021-01-07 00:00:00-05:00,12.930435562151088,13.33951363281077,12.849667703065894,13.305859565734863,461480000,0.0,0.0
2021-01-08 00:00:00-05:00,13.324305523719442,13.382637648539365,13.00472125127349,13.238800048828125,292528000,0.0,0.0
2021-01-11 00:00:00-05:00,13.380394628106359,13.92109533146687,13.324305789405765,13.582565307617188,518344000,0.0,0.0
2021-01-12 00:00:00-05:00,13.713190565215053,13.715185654983586,13.306856014425799,13.446206092834473,291476000,0.0,0.0
2021-01-13 00:00:00-05:00,13.451443789096095,13.586058171685414,13.346744347714584,13.493074417114258,210028000,0.0,0.0
2021-01-14 00:00:00-05:00,13.536200407073654,13.560879424388261,13.142828168347837,13.162521362304688,283120000,0.0,0.0
2021-01-15 00:00:00-05:00,13.190191844917592,13.287163872887445,12.81177708254526,12.822745323181152,277780000,0.0,0.0
2021-01-19 00:00:00-05:00,12.979046798283063,13.05657477975122,12.807289326171569,12.988021850585938,226188000,0.0,0.0
2021-01-20 00:00:00-05:00,13.07427241809494,13.392111717368742,13.019430270891426,13.327547073364258,258572000,0.0,0.0
2021-01-21 00:00:00-05:00,13.380142993214822,13.959233375989502,13.215116388988385,13.827859878540039,337780000,0.0,0.0
2021-01-22 00:00:00-05:00,13.700727061039379,13.802186604239331,13.588299278392899,13.67330551147461,246820000,0.0,0.0
2021-01-25 00:00:00-05:00,13.742358087685238,13.788974533130535,13.198666607439788,13.614225387573242,251112000,0.0,0.0
2021-01-26 00:00:00-05:00,13.541683847092358,13.605750200050279,13.349235639705508,13.396849632263184,163980000,0.0,0.0
2021-01-27 00:00:00-05:00,13.192185570772127,13.194928106319463,12.757182726351548,12.880828857421875,371272000,0.0,0.0
2021-01-28 00:00:00-05:00,12.959102719549616,13.301621023796079,12.923454516478738,13.01369571685791,228316000,0.0,0.0
2021-01-29 00:00:00-05:00,13.037626732062714,13.296634637804713,12.874594241549072,12.952620506286621,271552000,0.0,0.0
2021-02-01 00:00:00-05:00,13.015940401973044,13.232818458698954,12.865870277184177,13.199165344238281,217204000,0.0,0.0
2021-02-02 00:00:00-05:00,13.360451284245265,13.533205312866734,13.247524267996363,13.517999649047852,220440000,0.0,0.0
2021-02-03 00:00:00-05:00,13.597025697699792,13.891931010643143,13.47786803999946,13.491827964782715,245408000,0.0,0.0
2021-02-04 00:00:00-05:00,13.492322342226124,13.634414935890396,13.299625035923523,13.625191688537598,201340000,0.0,0.0
2021-02-05 00:00:00-05:00,13.685770399260598,13.697985331998837,13.507032031988212,13.552152633666992,169152000,0.0,0.0
2021-02-08 00:00:00-05:00,13.688013522894353,14.432379818392382,13.688013522894353,14.397480010986328,434624000,0.0,0.0
2021-02-09 00:00:00-05:00,14.299760559735732,14.541567742930555,14.181848652102182,14.222482681274414,287560000,0.0,0.0
2021-02-10 00:00:00-05:00,14.421908538974483,14.862395418812298,14.300506669776164,14.722047805786133,485352000,0.0,0.0
2021-02-11 00:00:00-05:00,14.937432032198304,15.228597220621056,14.882339786927213,15.207158088684082,450828000,0.0,0.0
2021-02-12 00:00:00-05:00,15.006983766434686,15.247544255487185,14.732769210253142,14.918487548828125,374756000,0.0,0.0
2021-02-16 00:00:00-05:00,15.021190889000872,15.328560224455654,14.907267274456522,15.286430358886719,321960000,0.0,0.0
2021-02-17 00:00:00-05:00,15.127634745347793,15.179985402080357,14.737752585064538,14.86339282989502,274756000,0.0,0.0
2021-02-18 00:00:00-05:00,14.686900817071333,14.830738429748369,14.533340707240383,14.786615371704102,233868000,0.0,0.0
2021-02-19 00:00:00-05:00,14.981556212316738,15.133620482317376,14.804314630283326,14.88383674621582,271724000,0.0,0.0
2021-02-22 00:00:00-05:00,14.732518363727369,15.089994124865994,14.284053959471905,14.314716339111328,325884000,0.0,0.0
2021-02-23 00:00:00-05:00,14.035018027091663,14.19805147445636,13.351228116185384,14.101577758789062,391780000,0.0,0.0
2021-02-24 00:00:00-05:00,14.082385641260826,14.465287944780597,13.716683144929284,14.457559585571289,448320000,0.0,0.0
2021-02-25 00:00:00-05:00,14.005353050124018,14.333662277875408,13.17847394109998,13.269462585449219,824436000,0.0,0.0
2021-02-26 00:00:00-05:00,13.713190182892967,13.814898867470841,13.32280970449686,13.675299644470215,500932000,0.0,0.0
2021-03-01 00:00:00-05:00,13.83534082862855,13.885198102885361,13.514510804567648,13.802186012268066,353184000,0.0,0.0
2021-03-02 00:00:00-05:00,13.860270705346387,13.880712294925438,13.357711524851588,13.367932319641113,264116000,0.0,0.0
2021-03-03 00:00:00-05:00,13.387874897012532,13.413052208920957,12.76216791543942,12.76815128326416,377592000,0.0,0.0
2021-03-04 00:00:00-05:00,12.764161819483274,12.937914367477056,12.049211189236068,12.334892272949219,573344000,0.0,0.0
2021-03-05 00:00:00-05:00,12.514129408982628,12.514129408982628,11.645867786362965,12.425882339477539,542840000,0.0,0.0
2021-03-08 00:00:00-05:00,12.414412591748151,12.435601622284906,11.53343789904695,11.560111999511719,543112000,0.0,0.0
2021-03-09 00:00:00-05:00,12.09975442063535,12.585031142216502,12.028932816334903,12.488774299621582,521824000,0.004,0.0
2021-03-10 00:00:00-05:00,12.808216705140989,12.947365643867661,12.426180209828113,12.43690299987793,384376000,0.0,0.0
2021-03-11 00:00:00-05:00,12.917442013123948,13.01345056221535,12.702483926792517,12.960832595825195,299916000,0.0,0.0
2021-03-12 00:00:00-05:00,12.61644907371849,12.856344851474955,12.558346052461756,12.823677062988281,243964000,0.0,0.0
2021-03-15 00:00:00-04:00,12.832406735192682,13.17354692311485,12.735152011430825,13.158085823059082,221988000,0.0,0.0
2021-03-16 00:00:00-04:00,13.322921749363832,13.478529706057202,13.083774566485411,13.25783634185791,272128000,0.0,0.0
2021-03-17 00:00:00-04:00,13.006968295981748,13.419428593633414,12.956844570714871,13.307710647583008,243864000,0.0,0.0
2021-03-18 00:00:00-04:00,13.10347523322454,13.150855475897037,12.685029504987675,12.690515518188477,293896000,0.0,0.0
2021-03-19 00:00:00-04:00,12.717945495627424,12.889014536593395,12.580791371714232,12.813454627990723,299208000,0.0,0.0
2021-03-22 00:00:00-04:00,12.880286224197679,13.360824589518188,12.87430079133781,13.153098106384277,297804000,0.0,0.0
2021-03-23 00:00:00-04:00,13.22092748700998,13.3109506075864,12.988513462737627,13.03788948059082,222048000,0.0,0.0
2021-03-24 00:00:00-04:00,13.11818512863964,13.126165388010351,12.604979014868762,12.611212730407715,245840000,0.0,0.0
2021-03-25 00:00:00-04:00,12.468074080612768,12.682782915136395,12.241146098262075,12.50373363494873,295144000,0.0,0.0
2021-03-26 00:00:00-04:00,12.522935565816912,12.823927099731126,12.342390872874107,12.80696964263916,363968000,0.0,0.0
2021-03-29 00:00:00-04:00,12.788019583374783,13.029661010785414,12.668072141761849,12.915698051452637,273520000,0.0,0.0
2021-03-30 00:00:00-04:00,12.809713771579235,12.942629001970921,12.673058121314657,12.839388847351074,200204000,0.0,0.0
2021-03-31 00:00:00-04:00,12.98277686105414,13.436632836630071,12.949859836344844,13.314690589904785,314776000,0.0,0.0
2021-04-01 00:00:00-04:00,13.538129196852404,13.835130162239196,13.477281731340076,13.777027130126953,308276000,0.0,0.0
2021-04-05 00:00:00-04:00,13.832633372058437,13.978764663116609,13.698471041942446,13.95233154296875,255672000,0.0,0.0
2021-04-06 00:00:00-04:00,13.964556285106216,14.018918905121456,13.738875357456196,13.826653480529785,191744000,0.0,0.0
2021-04-07 00:00:00-04:00,13.845850657061428,14.207688682597572,13.67702665042074,14.107940673828125,251284000,0.0,0.0
2021-04-08 00:00:00-04:00,14.21691739862396,14.43511743681889,14.213176027468212,14.281005859375,244416000,0.0,0.0
2021-04-09 00:00:00-04:00,14.178263990565366,14.371776494039445,14.139362482793082,14.36379623413086,195172000,0.0,0.0
2021-04-12 00:00:00-04:00,14.253823650541044,15.313901610057965,14.103701731984685,15.170762062072754,869324000,0.0,0.0
2021-04-13 00:00:00-04:00,15.193203089985975,15.660525276733106,15.087718893653642,15.640076637268066,676212000,0.0,0.0
2021-04-14 00:00:00-04:00,15.585717781764965,15.680977681236898,15.189217083345795,15.238593101501465,385500000,0.0,0.0
2021-04-15 00:00:00-04:00,15.623124606404787,16.173487680774556,15.592202403913975,16.096681594848633,598480000,0.0,0.0
2021-04-16 00:00:00-04:00,16.012641545241966,16.12510909130004,15.825363694035376,15.872495651245117,335208000,0.0,0.0
2021-04-19 00:00:00-04:00,15.497437759770289,15.767756314158476,15.194700651254927,15.323126792907715,404420000,0.0,0.0
2021-04-20 00:00:00-04:00,15.284724505863194,15.458037592088138,14.92538071636659,15.13310718536377,334132000,0.0,0.0
2021-04-21 00:00:00-04:00,15.08073838157039,15.323876121299216,15.064280344960931,15.321881294250488,216776000,0.0,0.0
2021-04-22 00:00:00-04:00,15.33634630471237,15.399687065149584,14.746333090501135,14.812915802001953,277788000,0.0,0.0
2021-04-23 00:00:00-04:00,14.896705203918978,15.2964478790434,14.862791235395903,15.226873397827148,227500000,0.0,0.0
2021-04-26 00:00:00-04:00,15.146826138366272,15.440086710805838,15.086976556604712,15.439088821411133,197796000,0.0,0.0
2021-04-27 00:00:00-04:00,15.539334614946952,15.63110332965213,15.31589778572029,15.343079566955566,164572000,0.0,0.0
2021-04-28 00:00:00-04:00,15.325872106378812,15.493200723239772,15.177246540337377,15.23834228515625,209416000,0.0,0.0
2021-04-29 00:00:00-04:00,15.361280071833985,15.397688278646893,15.03360621051782,15.286219596862793,173196000,0.0,0.0
2021-04-30 00:00:00-04:00,15.136348727292862,15.326369079550142,14.959294274928283,14.971762657165527,201912000,0.0,0.0
2021-05-03 00:00:00-04:00,15.086975219605257,15.208419014072376,14.75032408695121,14.799449920654297,203912000,0.0,0.0
2021-05-04 00:00:00-04:00,14.600450555269253,14.600699789762439,13.975027035475872,14.315169334411621,405324000,0.0,0.0
2021-05-05 00:00:00-04:00,14.672018629638556,14.776256666947063,14.351327112045158,14.422148704528809,292024000,0.0,0.0
2021-05-06 00:00:00-04:00,14.4588080917108,14.534617237657999,14.182255771749805,14.486488342285156,193380000,0.0,0.0
2021-05-07 00:00:00-04:00,14.771021408101264,14.933112300510395,14.63486422135409,14.77501106262207,229328000,0.0,0.0
2021-05-10 00:00:00-04:00,14.750072669633822,14.768775720170076,14.21417381349999,14.229884147644043,268904000,0.0,0.0
2021-05-11 00:00:00-04:00,13.790241908871472,14.3186599170756,13.715430659167707,14.270281791687012,285584000,0.0,0.0
2021-05-12 00:00:00-04:00,13.974276811259632,14.224396914953214,13.674782598990006,13.723908424377441,303408000,0.0,0.0
2021-05-13 00:00:00-04:00,13.998467988858465,14.045350711147945,13.425162994144586,13.630894660949707,285404000,0.0,0.0
2021-05-14 00:00:00-04:00,13.855078332435786,14.291976846057006,13.713933617580155,14.20719051361084,258616000,0.0,0.0
2021-05-17 00:00:00-04:00,14.121407897860808,14.13362704722991,13.818671694394718,14.129886627197266,216980000,0.0,0.0
2021-05-18 00:00:00-04:00,14.231133153637117,14.368038055729718,13.968793845011385,13.980514526367188,186256000,0.0,0.0
2021-05-19 00:00:00-04:00,13.53239445525838,14.044105295306712,13.509203277072892,14.030389785766602,344000000,0.0,0.0
2021-05-20 00:00:00-04:00,14.266540771008533,14.646832621960627,14.234621635588551,14.575761795043945,321592000,0.0,0.0
2021-05-21 00:00:00-04:00,15.125627113969413,15.183731096129877,14.832117340430838,14.954059600830078,672992000,0.0,0.0
2021-05-24 00:00:00-04:00,15.174252706728867,15.705414174003659,15.137844497008365,15.572749137878418,554816000,0.0,0.0
2021-05-25 00:00:00-04:00,15.726362482639168,15.778730264045185,15.44357551176999,15.608409881591797,435408000,0.0,0.0
2021-05-26 00:00:00-04:00,15.69469328900032,15.754043443944218,15.547065605147322,15.660529136657715,370440000,0.0,0.0
2021-05-27 00:00:00-04:00,15.660278094852826,15.71040181104527,15.421130958607247,15.449060440063477,581476000,0.0,0.0
2021-05-28 00:00:00-04:00,15.462027659013474,16.236575125057893,15.462027659013474,16.203657150268555,644536000,0.0,0.0
2021-06-01 00:00:00-04:00,16.229093072524805,16.347045652019425,15.86326447044786,16.22360610961914,472804000,0.0,0.0
2021-06-02 00:00:00-04:00,16.211390186002433,16.876214600887355,16.194681963051526,16.736066818237305,594168000,0.0,0.0
2021-06-03 00:00:00-04:00,16.65876682044273,17.215613878178374,16.54131266131784,16.92708969116211,580008000,0.0,0.0
2021-06-04 00:00:00-04:00,17.06948062344339,17.61660182614419,17.05252506393666,17.534061431884766,617120000,0.0,0.0
2021-06-07 00:00:00-04:00,17.52707469646401,17.76771725198459,17.149526305796652,17.574703216552734,575756000,0.0,0.0
2021-06-08 00:00:00-04:00,17.483181755642672,17.577194510142903,17.207625490251473,17.413108825683594,323848000,0.0,0.0
2021-06-09 00:00:00-04:00,17.47571805921768,17.534832519599075,17.216312069425967,17.31857681274414,381656000,0.004,0.0
2021-06-10 00:00:00-04:00,17.310346354499423,17.452022006490658,17.136744250662534,17.385173797607422,287772000,0.0,0.0
2021-06-11 00:00:00-04:00,17.43954908988243,17.89824942284033,17.4038813625128,17.784509658813477,416308000,0.0,0.0
2021-06-14 00:00:00-04:00,17.865076259269316,17.998270294606797,17.622382309836595,17.977567672729492,321376000,0.0,0.0
2021-06-15 00:00:00-04:00,17.874058585520746,17.97507688775737,17.687485674890738,17.747846603393555,243032000,0.0,0.0
2021-06-16 00:00:00-04:00,17.75009415079846,17.913718927934667,17.544314342282547,17.769548416137695,307124000,0.0,0.0
2021-06-17 00:00:00-04:00,17.733876709616816,18.791952156008932,17.715668906709517,18.614608764648438,809656000,0.0,0.0
2021-06-18 00:00:00-04:00,18.74107162605108,19.330720564613056,18.541527942897947,18.596153259277344,968856000,0.0,0.0
2021-06-21 00:00:00-04:00,18.39311297230315,18.49413314969242,17.782013688431867,18.3851318359375,672384000,0.0,0.0
2021-06-22 00:00:00-04:00,18.429284231032042,18.920409647101682,18.343978923682204,18.843584060668945,580144000,0.0,0.0
2021-06-23 00:00:00-04:00,18.964312184695025,19.108981280825326,18.864540328639993,19.01369857788086,332356000,0.0,0.0
2021-06-24 00:00:00-04:00,19.183800380892016,19.375610239495778,19.044617679060355,19.16160011291504,320924000,0.0,0.0
2021-06-25 00:00:00-04:00,19.236436935503985,19.30128891794506,18.851319416019447,18.987506866455078,278364000,0.0,0.0
2021-06-28 00:00:00-04:00,19.31699651878365,20.032857236494127,19.274843407992705,19.939321517944336,495436000,0.0,0.0
2021-06-29 00:00:00-04:00,19.8370606251026,20.052815878812567,19.612075871754318,19.980981826782227,367632000,0.0,0.0
2021-06-30 00:00:00-04:00,19.953546322125256,20.116423218061342,19.818356024611578,19.956789016723633,326568000,0.0,0.0
2021-07-01 00:00:00-04:00,20.0790066589229,20.409249572834405,19.973248011353004,20.165807723999023,480136000,0.0,0.0
2021-07-02 00:00:00-04:00,20.39353564429944,20.458387624215238,20.24138402006787,20.44017791748047,342764000,0.0,0.0
2021-07-06 00:00:00-04:00,20.690104043459606,20.794365027841287,20.30374010137351,20.651193618774414,446708000,0.0,0.0
2021-07-07 00:00:00-04:00,20.805839022549197,20.827289518235947,20.285531292892728,20.3251895904541,418428000,0.0,0.0
2021-07-08 00:00:00-04:00,19.811121778325514,20.086988679235407,19.65572744593839,19.85726547241211,503300000,0.0,0.0
2021-07-09 00:00:00-04:00,19.916874216592717,20.03435525988892,19.709100137865747,20.004423141479492,296624000,0.0,0.0
2021-07-12 00:00:00-04:00,20.193741842138916,20.485822176822126,20.141611349333026,20.465620040893555,321984000,0.0,0.0
2021-07-13 00:00:00-04:00,20.35387932435203,20.41449145518134,20.06803501969567,20.203723907470703,290708000,0.0,0.0
2021-07-14 00:00:00-04:00,20.311222848316984,20.371085187091623,19.7076060162833,19.796152114868164,380100000,0.0,0.0
2021-07-15 00:00:00-04:00,19.76647364963509,19.801642801831328,18.815401275503216,18.92290496826172,550564000,0.0,0.0
2021-07-16 00:00:00-04:00,18.98700740866609,19.11321747883699,18.03169525755164,18.11949348449707,688224000,0.0,0.0
2021-07-19 00:00:00-04:00,17.874310982911926,18.998485183245393,17.824673392425574,18.736835479736328,749060000,0.0,0.0
2021-07-20 00:00:00-04:00,18.687192164183777,18.794945132479892,18.122485771322793,18.569461822509766,434687000,0.0,4.0
2021-07-21 00:00:00-04:00,18.83884558672833,19.482371910572084,18.69916616251025,19.365638732910156,371017000,0.0,0.0
2021-07-22 00:00:00-04:00,19.597105941674148,19.84154489775066,19.23194135404066,19.54921531677246,323826000,0.0,0.0
2021-07-23 00:00:00-04:00,19.611077449582748,19.654977514226925,19.206005202834984,19.513301849365234,195672000,0.0,0.0
2021-07-26 00:00:00-04:00,19.266867886400917,19.39756711649879,18.870773917905094,19.249906539916992,203943000,0.0,0.0
2021-07-27 00:00:00-04:00,19.220965756845324,19.577150119068563,18.698163285947036,19.16409683227539,248863000,0.0,0.0
2021-07-28 00:00:00-04:00,19.274846044574673,19.601098340577916,18.951587150781002,19.458425521850586,202191000,0.0,0.0
2021-07-29 00:00:00-04:00,19.4743887933179,19.80762698019667,19.283825335460097,19.617063522338867,190781000,0.0,0.0
2021-07-30 00:00:00-04:00,19.37362109560357,19.585136481217972,19.218976552723575,19.454437255859375,183497000,0.0,0.0
2021-08-02 00:00:00-04:00,19.654975725192713,19.915378880901837,19.316749821197465,19.70486068725586,217444000,0.0,0.0
2021-08-03 00:00:00-04:00,19.694885002968523,20.175783766568422,19.17607297987363,19.76971435546875,301811000,0.0,0.0
2021-08-04 00:00:00-04:00,19.944313619581152,20.271565011875875,19.782683207905936,20.227664947509766,231309000,0.0,0.0
2021-08-05 00:00:00-04:00,20.453150082936443,20.685617395724258,20.295510226219236,20.58983612060547,211435000,0.0,0.0
2021-08-06 00:00:00-04:00,20.477094039344426,20.522988437706402,20.163810582897227,20.319454193115234,178497000,0.0,0.0
2021-08-09 00:00:00-04:00,20.399274985972628,20.46113357468515,20.096967918222603,20.248620986938477,146443000,0.0,0.0
2021-08-10 00:00:00-04:00,20.275557520496264,20.383310504258183,19.78966907249903,19.890439987182617,179238000,0.0,0.0
2021-08-11 00:00:00-04:00,19.99719395698716,20.003180762487712,19.385595913054647,19.653980255126953,185925000,0.0,0.0
2021-08-12 00:00:00-04:00,19.824592465890316,19.98322760034006,19.575163784101502,19.859512329101562,151652000,0.0,0.0
2021-08-13 00:00:00-04:00,19.859508704764945,20.167802514416586,19.80563126679169,20.141860961914062,183063000,0.0,0.0
2021-08-16 00:00:00-04:00,20.088984173742237,20.24063722279305,19.408541689128278,19.904407501220703,210876000,0.0,0.0
2021-08-17 00:00:00-04:00,19.64000698314387,19.72481369476368,19.222963104205142,19.41352653503418,204585000,0.0,0.0
2021-08-18 00:00:00-04:00,19.45543055388039,19.58912505820869,18.95657336019115,18.996482849121094,285913000,0.0,0.0
2021-08-19 00:00:00-04:00,19.449446238959755,20.44815982346293,18.719118863786036,19.75275230407715,766555000,0.0,0.0
2021-08-20 00:00:00-04:00,19.945313428755227,20.8173166087668,19.887447316911796,20.768428802490234,675741000,0.0,0.0
2021-08-23 00:00:00-04:00,20.9230685315231,21.946722537110478,20.902116621288442,21.907812118530273,575807000,0.0,0.0
2021-08-24 00:00:00-04:00,21.70328507988881,21.90881365504365,21.48578289478911,21.743192672729492,297299000,0.0,0.0
2021-08-25 00:00:00-04:00,21.687321379149566,22.418645969756334,21.672356269378028,22.162233352661133,347701000,0.0,0.0
2021-08-26 00:00:00-04:00,22.14926114072246,22.288940552177326,21.74019837604241,22.017562866210938,237940000,0.0,0.0
2021-08-27 00:00:00-04:00,22.13329627384273,22.670066727828846,22.116334931124943,22.58426284790039,304722000,0.0,0.0
2021-08-30 00:00:00-04:00,22.777824123131097,22.990336677194776,22.499462421034632,22.63614845275879,262580000,0.0,0.0
2021-08-31 00:00:00-04:00,22.647121666172822,22.647121666172822,22.07333584482094,22.33777618408203,259850000,0.004,0.0
2021-09-01 00:00:00-04:00,22.437573129066834,22.64912585211105,22.309842859871658,22.393665313720703,201767000,0.0,0.0
2021-09-02 00:00:00-04:00,22.470499179082864,22.545341732077258,22.247970011545803,22.348756790161133,187834000,0.0,0.0
2021-09-03 00:00:00-04:00,22.27790436202972,22.93750922846225,22.153168059674176,22.794811248779297,280532000,0.0,0.0
2021-09-07 00:00:00-04:00,22.784829827757243,22.85069057355953,22.474485116430305,22.61419105529785,198107000,0.0,0.0
2021-09-08 00:00:00-04:00,22.465504722881544,22.562300203414004,21.9306343212819,22.291872024536133,254434000,0.0,0.0
2021-09-09 00:00:00-04:00,22.26493395688202,22.490457050966747,22.084316013138185,22.130218505859375,196856000,0.0,0.0
2021-09-10 00:00:00-04:00,22.30085711920523,22.578270564497437,22.223022541074023,22.430583953857422,248376000,0.0,0.0
2021-09-13 00:00:00-04:00,22.63614575794394,22.91555575401909,21.811888077680894,22.105268478393555,297500000,0.0,0.0
2021-09-14 00:00:00-04:00,22.22800922879762,22.36272466695094,22.039408757377963,22.195079803466797,199755000,0.0,0.0
2021-09-15 00:00:00-04:00,22.261938841506673,22.31981705301157,21.919661994088578,22.29387092590332,166538000,0.0,0.0
2021-09-16 00:00:00-04:00,22.136204252125346,22.23000581669266,21.88074378110906,22.195079803466797,156033000,0.0,0.0
2021-09-17 00:00:00-04:00,22.25295366514298,22.27390927077693,21.78394589381782,21.853797912597656,294503000,0.0,0.0
2021-09-20 00:00:00-04:00,21.101393708407006,21.387788954115265,20.61841542305834,21.068464279174805,349440000,0.0,0.0
2021-09-21 00:00:00-04:00,21.371824057072708,21.379806603732295,20.90581006345656,21.20118522644043,204688000,0.0,0.0
2021-09-22 00:00:00-04:00,21.320930299925596,21.91367719365611,21.151288817679976,21.894718170166016,268726000,0.0,0.0
2021-09-23 00:00:00-04:00,22.09329650200951,22.48746373201777,21.843823860737224,22.4345760345459,248555000,0.0,0.0
2021-09-24 00:00:00-04:00,22.02344353743368,22.102277360773,21.814884783571202,22.034420013427734,217655000,0.0,0.0
2021-09-27 00:00:00-04:00,21.664203077429683,21.753016037420434,21.280016887936462,21.614309310913086,245215000,0.0,0.0
2021-09-28 00:00:00-04:00,21.169243500225896,21.37381091603029,20.60742968580575,20.65532875061035,343069000,0.0,0.0
2021-09-29 00:00:00-04:00,20.895828586899057,20.972665824032045,20.423824881192512,20.47372055053711,218394000,0.0,0.0
2021-09-30 00:00:00-04:00,20.724186869005347,21.021558534466575,20.64435571548034,20.67229652404785,221009000,0.0,0.0
2021-10-01 00:00:00-04:00,20.706232364014284,20.815001705991538,20.16038525903435,20.69824981689453,240978000,0.0,0.0
2021-10-04 00:00:00-04:00,20.460745149157145,20.49866509219777,19.51374772206686,19.69037437438965,345635000,0.0,0.0
2021-10-05 00:00:00-04:00,19.907919046676803,20.604446668323913,19.812120875182806,20.407861709594727,279282000,0.0,0.0
2021-10-06 00:00:00-04:00,20.077551953022134,20.676284559057116,20.037635430846716,20.656328201293945,297202000,0.0,0.0
2021-10-07 00:00:00-04:00,21.04750289734636,21.27701913068914,20.92775711791302,21.030540466308594,256919000,0.0,0.0
2021-10-08 00:00:00-04:00,21.05648878776723,21.161266841006725,20.731176248192515,20.787057876586914,151258000,0.0,0.0
2021-10-11 00:00:00-04:00,20.531598501082726,21.01856804632995,20.467732425809636,20.651344299316406,163388000,0.0,0.0
2021-10-12 00:00:00-04:00,20.78406211740241,21.01257912959574,20.484695733535407,20.62739372253418,162134000,0.0,0.0
2021-10-13 00:00:00-04:00,20.873871281370185,20.94571989479939,20.669303819377614,20.894826889038086,180652000,0.0,0.0
2021-10-14 00:00:00-04:00,21.24309449297666,21.70910844363068,21.07744429344667,21.70012855529785,243589000,0.0,0.0
2021-10-15 00:00:00-04:00,21.763987571571747,21.88473259084707,21.616300990357516,21.81587791442871,226994000,0.0,0.0
2021-10-18 00:00:00-04:00,21.70312142601179,22.243977904095235,21.598341475085665,22.17512321472168,189494000,0.0,0.0
2021-10-19 00:00:00-04:00,22.229002928659522,22.331786266925064,21.990508735518052,22.24297523498535,161473000,0.0,0.0
2021-10-20 00:00:00-04:00,22.257945210436517,22.38567543781395,21.935626663665868,22.056371688842773,146276000,0.0,0.0
2021-10-21 00:00:00-04:00,22.05038654332594,22.66309163127974,22.036416137205087,22.64413070678711,187590000,0.0,0.0
2021-10-22 00:00:00-04:00,22.77485029056531,23.081201821142454,22.5134038996593,22.678054809570312,249384000,0.0,0.0
2021-10-25 00:00:00-04:00,22.924532850079377,23.30572690449076,22.72196200749555,23.11712646484375,230235000,0.0,0.0
2021-10-26 00:00:00-04:00,23.93839671538891,25.2057181702465,23.873533296730404,24.664859771728516,485898000,0.0,0.0
2021-10-27 00:00:00-04:00,24.422370071571084,25.037069768657314,24.23077377880667,24.399417877197266,245990000,0.0,0.0
2021-10-28 00:00:00-04:00,24.825520850776506,24.897369471375516,24.471270169615977,24.88838768005371,234204000,0.0,0.0
2021-10-29 00:00:00-04:00,24.948261206819474,25.654767902179138,24.94726386442255,25.5130672454834,292503000,0.0,0.0
2021-11-01 00:00:00-04:00,25.59489225344684,25.839374347203503,25.173781601491516,25.77251625061035,265740000,0.0,0.0
2021-11-02 00:00:00-04:00,25.767527357616604,26.62172056643218,25.74557250420256,26.345304489135742,294112000,0.0,0.0
2021-11-03 00:00:00-04:00,26.613737804003005,26.727497632609634,26.17965600054016,26.541889190673828,239910000,0.0,0.0
2021-11-04 00:00:00-04:00,27.171556116532418,31.298830236529806,27.06079022806004,29.738130569458008,1153631000,0.0,0.0
2021-11-05 00:00:00-04:00,30.123317473930538,31.333757862133087,29.347956214634998,29.68923568725586,851260000,0.0,0.0
2021-11-08 00:00:00-05:00,30.085394839795672,31.0343887288233,29.843904808443668,30.739013671875,503101000,0.0,0.0
2021-11-09 00:00:00-05:00,32.2139010026745,32.241841813464795,29.900790147535126,30.592327117919922,646746000,0.0,0.0
2021-11-10 00:00:00-05:00,29.294069146734444,30.784916767845264,28.717287521307966,29.3968505859375,636206000,0.0,0.0
2021-11-11 00:00:00-05:00,30.40372797344251,30.525470354822794,29.714185657516225,30.325891494750977,332172000,0.0,0.0
2021-11-12 00:00:00-05:00,29.946693944604604,30.615280651522603,29.567494491133164,30.325891494750977,413054000,0.0,0.0
2021-11-15 00:00:00-05:00,30.48754907870644,30.57935405607118,29.18530173672682,29.961660385131836,384909000,0.0,0.0
2021-11-16 00:00:00-05:00,29.696226196021204,30.32589375894315,29.643336595058535,30.1392879486084,264484000,0.0,0.0
2021-11-17 00:00:00-05:00,30.353829013241555,30.4446385457493,28.739242339156842,29.199270248413086,428508000,0.0,0.0
2021-11-18 00:00:00-05:00,32.29872256948904,32.690891284605854,31.254927669456258,31.60818099975586,781711000,0.0,0.0
2021-11-19 00:00:00-05:00,32.174977704788965,33.018196245585706,31.83769143046511,32.91541290283203,533867000,0.0,0.0
2021-11-22 00:00:00-05:00,33.446295929767324,34.573913319516286,31.832708231716126,31.88858985900879,754335000,0.0,0.0
2021-11-23 00:00:00-05:00,31.46847603985242,32.29173644470543,30.814857092221995,31.679031372070312,532163000,0.0,0.0
2021-11-24 00:00:00-05:00,31.394627899499515,32.7856861116592,30.862751413189365,32.60506820678711,435162000,0.0,0.0
2021-11-26 00:00:00-05:00,32.531228506198715,32.64099706934784,31.2838672949203,31.43654441833496,283069000,0.0,0.0
2021-11-29 00:00:00-05:00,32.29773128790808,33.341522577161264,31.968425532112303,33.305599212646484,454964000,0.0,0.0
2021-11-30 00:00:00-05:00,33.09902325931394,33.282636999598125,31.79677797027339,32.60706329345703,622066000,0.0,0.0
2021-12-01 00:00:00-05:00,33.15298701314343,33.2228476004512,31.317638978190622,31.372529983520508,484368000,0.004,0.0
2021-12-02 00:00:00-05:00,31.151974015201976,32.41346220538605,30.963348504030208,32.06216049194336,472890000,0.0,0.0
2021-12-03 00:00:00-05:00,31.93640157961995,32.06514681270487,30.070117274745446,30.631999969482422,544325000,0.0,0.0
2021-12-06 00:00:00-05:00,29.82061499149107,30.18089759304379,27.982276767077416,29.977304458618164,658938000,0.0,0.0
2021-12-07 00:00:00-05:00,30.89546942973039,32.38450445291736,30.590075986973893,32.362545013427734,593053000,0.0,0.0
2021-12-08 00:00:00-05:00,31.935407148072855,32.22582919300085,31.358554819452596,31.76275062561035,475551000,0.0,0.0
2021-12-09 00:00:00-05:00,31.6709304355526,32.14099693386837,30.367526251043838,30.42940330505371,488507000,0.0,0.0
2021-12-10 00:00:00-05:00,31.088094881745874,31.242787533822337,29.801656967245915,30.13798713684082,488825000,0.0,0.0
2021-12-13 00:00:00-05:00,30.188883512765113,30.233794155650276,28.060121324277922,28.105031967163086,598344000,0.0,0.0
2021-12-14 00:00:00-05:00,27.643949113929793,28.62100349476861,27.195842071505684,28.280681610107422,667035000,0.0,0.0
2021-12-15 00:00:00-05:00,28.343561661628623,30.439388813076704,27.782678223157248,30.398469924926758,698297000,0.0,0.0
2021-12-16 00:00:00-05:00,31.090091873375695,31.098075396246916,28.03717102685846,28.330585479736328,707366000,0.0,0.0
2021-12-17 00:00:00-05:00,27.929384771071867,28.864522903312924,27.704831542890716,27.745750427246094,713758000,0.0,0.0
2021-12-20 00:00:00-05:00,27.250735034271646,28.088066423723266,27.091053166532397,27.663911819458008,461847000,0.0,0.0
2021-12-21 00:00:00-05:00,28.31761243890149,29.062130190371207,27.346544620384616,29.01721954345703,524385000,0.0,0.0
2021-12-22 00:00:00-05:00,28.833582616767877,29.49626253795648,28.39245970985011,29.341569900512695,395184000,0.0,0.0
2021-12-23 00:00:00-05:00,29.695864054966595,29.999260737951445,29.37250856669955,29.581092834472656,343022000,0.0,0.0
2021-12-27 00:00:00-05:00,29.60105678205719,31.025220962783237,29.58109607103307,30.883502960205078,403686000,0.0,0.0
2021-12-28 00:00:00-05:00,31.249772014643753,31.267735891884268,29.952354442300354,30.26173973083496,420591000,0.0,0.0
2021-12-29 00:00:00-05:00,30.212836426014583,30.48728951276,29.30763749732145,29.941375732421875,343139000,0.0,0.0
2021-12-30 00:00:00-05:00,29.76772287739856,30.39647191079737,29.481294496536442,29.527202606201172,308864000,0.0,0.0
2021-12-31 00:00:00-05:00,29.61502448239811,29.97031785211934,29.27270576326338,29.35254669189453,266530000,0.0,0.0
2022-01-03 00:00:00-05:00,29.755748425658155,30.649967690712824,29.725807360139775,30.061140060424805,391547000,0.0,0.0
2022-01-04 00:00:00-05:00,30.21682456762122,30.407444937866018,28.292656990618887,29.231786727905273,527154000,0.0,0.0
2022-01-05 00:00:00-05:00,28.89146324143612,29.357536037891197,27.478279080838995,27.549137115478516,498064000,0.0,0.0
2022-01-06 00:00:00-05:00,27.585070703215145,28.38148518105102,27.011214536934588,28.12200164794922,454186000,0.0,0.0
2022-01-07 00:00:00-05:00,28.085072447229507,28.36551411614278,27.003225284481758,27.192848205566406,409939000,0.0,0.0
2022-01-10 00:00:00-05:00,26.528174103666952,27.41440984015935,25.593035959641192,27.34554672241211,594681000,0.0,0.0
2022-01-11 00:00:00-05:00,27.268700993300914,28.009226996384303,26.785663592042308,27.76171875,404089000,0.0,0.0
2022-01-12 00:00:00-05:00,28.011221217951395,28.53817178912904,27.553133765083295,27.943357467651367,383413000,0.0,0.0
2022-01-13 00:00:00-05:00,28.322597967784002,28.42339706817921,26.445335836793394,26.522184371948242,540171000,0.0,0.0
2022-01-14 00:00:00-05:00,26.24773016124949,27.14294871181414,26.157908876529852,26.88845443725586,395832000,0.0,0.0
2022-01-18 00:00:00-05:00,26.20781332431235,26.585062377950432,25.718787337317245,25.85152244567871,424270000,0.0,0.0
2022-01-19 00:00:00-05:00,26.027177140947902,26.49025389235865,25.00221753517566,25.017187118530273,488315000,0.0,0.0
2022-01-20 00:00:00-05:00,25.25371283114106,25.52816592790516,24.030147591877117,24.102005004882812,435181000,0.0,0.0
2022-01-21 00:00:00-05:00,23.460282170555125,24.77366673764392,23.216767613789905,23.327547073364258,718958000,0.0,0.0
2022-01-24 00:00:00-05:00,22.28561931721603,23.333531693411643,20.846485838339415,23.32554817199707,913982000,0.0,0.0
2022-01-25 00:00:00-05:00,22.501191486192454,22.89740375021859,21.956277081612978,22.279632568359375,664616000,0.0,0.0
2022-01-26 00:00:00-05:00,23.193810141981658,24.009185786472784,22.25567786422713,22.72673988342285,755959000,0.0,0.0
2022-01-27 00:00:00-05:00,23.521159678261036,23.94731106663501,21.631920439455527,21.900386810302734,573353000,0.0,0.0
2022-01-28 00:00:00-05:00,21.968249899217838,22.812569129559332,21.25367335760815,22.794605255126953,543774000,0.0,0.0
2022-01-31 00:00:00-05:00,23.135928523427957,24.46029288211656,23.006187716140168,24.43733787536621,564680000,0.0,0.0
2022-02-01 00:00:00-05:00,25.054106568459677,25.095025447548608,23.842518660207173,24.589033126831055,518925000,0.0,0.0
2022-02-02 00:00:00-05:00,25.742732574110576,25.7656856715835,24.504198053793925,25.191829681396484,543419000,0.0,0.0
2022-02-03 00:00:00-05:00,24.40939643808451,25.027165823091096,23.73274428459632,23.900409698486328,410178000,0.0,0.0
2022-02-04 00:00:00-05:00,23.9243556646601,24.586038055795374,23.585031263895463,24.270666122436523,354829000,0.0,0.0
2022-02-07 00:00:00-05:00,24.32356063658267,25.131950236744533,24.153898433728177,24.67885398864746,376868000,0.0,0.0
2022-02-08 00:00:00-05:00,24.310585923042694,25.179855106381826,23.932339472055837,25.05809783935547,410359000,0.0,0.0
2022-02-09 00:00:00-05:00,25.571083716951982,26.67189247556043,25.302619172082064,26.651931762695312,524282000,0.0,0.0
2022-02-10 00:00:00-05:00,25.94333997182691,26.871490147981913,25.549124513702214,25.77267837524414,513200000,0.0,0.0
2022-02-11 00:00:00-05:00,25.864495192370278,26.100026229482054,23.72575451723449,23.901403427124023,605472000,0.0,0.0
2022-02-14 00:00:00-05:00,23.886436378110282,24.825566329350934,23.707791249016562,24.218774795532227,440424000,0.0,0.0
2022-02-15 00:00:00-05:00,24.899415754979135,26.4922445340871,24.734744665885565,26.442344665527344,699869000,0.0,0.0
2022-02-16 00:00:00-05:00,26.206816786682104,26.529174849501977,25.501221062795562,26.458314895629883,732676000,0.0,0.0
2022-02-17 00:00:00-05:00,25.57906720311011,25.733759872250058,24.11698020371699,24.45829963684082,810595000,0.0,0.0
2022-02-18 00:00:00-05:00,24.61897658197623,24.936345412834687,23.054093778189063,23.595016479492188,761255000,0.0,0.0
2022-02-22 00:00:00-05:00,22.98921948197412,24.016173750217902,22.954289194180653,23.34351348876953,633422000,0.0,0.0
2022-02-23 00:00:00-05:00,23.754697128771827,24.106996233636202,22.25668069011676,22.34250831604004,566511000,0.0,0.0
2022-02-24 00:00:00-05:00,20.973233676940158,23.752698549006187,20.8484821049316,23.700801849365234,735801000,0.0,0.0
2022-02-25 00:00:00-05:00,23.673857307735503,24.168869937955396,23.33453287499,24.108989715576172,528866000,0.0,0.0
2022-02-28 00:00:00-05:00,23.944317823201498,24.615980608442836,23.659884397014633,24.336536407470703,477319000,0.0,0.0
2022-03-01 00:00:00-05:00,24.24272507991095,24.328554607429982,23.086028049660978,23.430341720581055,412056000,0.0,0.0
2022-03-02 00:00:00-05:00,23.712826005452477,24.364639111563292,23.372446139998853,24.175981521606445,389642000,0.004,0.0
2022-03-03 00:00:00-05:00,24.21790863660906,24.281793413023205,23.426350459230303,23.67090606689453,365095000,0.0,0.0
2022-03-04 00:00:00-05:00,23.341505344158694,23.636966955127175,22.441144110309114,22.894319534301758,431415000,0.0,0.0
2022-03-07 00:00:00-05:00,22.775538058787895,22.991147067317137,21.29124061343807,21.313199996948242,450821000,0.0,0.0
2022-03-08 00:00:00-05:00,21.270273834836342,22.33233933851528,20.61247108080546,21.47490119934082,557467000,0.0,0.0
2022-03-09 00:00:00-05:00,22.34631797597657,23.177804449774207,22.20657299008878,22.972179412841797,492742000,0.0,0.0
2022-03-10 00:00:00-05:00,22.49005319391326,22.746586101874037,21.842232493155823,22.616823196411133,428066000,0.0,0.0
2022-03-11 00:00:00-05:00,22.980160740629042,23.10293830541665,22.005934624302842,22.059837341308594,367209000,0.0,0.0
2022-03-14 00:00:00-04:00,21.829256910095523,22.221542360192014,21.1205481082041,21.291236877441406,385354000,0.0,0.0
2022-03-15 00:00:00-04:00,21.47889393725402,22.996132023942444,21.28325099056678,22.931249618530273,491996000,0.0,0.0
2022-03-16 00:00:00-04:00,23.457290722488487,24.552297138914387,23.12988771835892,24.451480865478516,671422000,0.0,0.0
2022-03-17 00:00:00-04:00,24.076165263385313,24.796851321954325,23.862553485348077,24.720991134643555,471941000,0.0,0.0
2022-03-18 00:00:00-04:00,24.753932770637824,26.52071662131349,24.579251558233064,26.404926300048828,730719000,0.0,0.0
2022-03-21 00:00:00-04:00,26.45882851334558,27.102656804840144,25.919808947289926,26.685415267944336,591727000,0.0,0.0
2022-03-22 00:00:00-04:00,26.67842208862025,27.18849491345856,26.024613790999855,26.475791931152344,547007000,0.0,0.0
2022-03-23 00:00:00-04:00,26.078518306597157,26.563635115721986,25.52852099865223,25.587413787841797,502120000,0.0,0.0
2022-03-24 00:00:00-04:00,26.11845066352887,28.26853567485179,25.859920549926873,28.098844528198242,877379000,0.0,0.0
2022-03-25 00:00:00-04:00,27.835325565600865,28.30646797454445,27.221443364906854,27.641677856445312,579016000,0.0,0.0
2022-03-28 00:00:00-04:00,27.705560928979263,28.198662689661013,27.15655927410769,28.1677188873291,425494000,0.0,0.0
2022-03-29 00:00:00-04:00,28.642848661602688,28.89339193940493,27.929147968750208,28.603919982910156,488984000,0.0,0.0
2022-03-30 00:00:00-04:00,28.252563440733994,28.444213951833504,27.453018519672682,27.639678955078125,463487000,0.0,0.0
2022-03-31 00:00:00-04:00,27.731510949600096,28.19666368490603,27.220442282936776,27.236412048339844,523440000,0.0,0.0
2022-04-01 00:00:00-04:00,27.325251194574196,27.446031589701068,26.219264969798488,26.663455963134766,517235000,0.0,0.0
2022-04-04 00:00:00-04:00,26.679426533913535,27.507918058034864,26.56463575752181,27.310277938842773,397120000,0.0,0.0
2022-04-05 00:00:00-04:00,27.204472540950196,27.269354953173288,25.773078453703725,25.88387680053711,436615000,0.0,0.0
2022-04-06 00:00:00-04:00,24.888688841537608,25.25402295327637,23.95938093983907,24.362646102905273,703833000,0.0,0.0
2022-04-07 00:00:00-04:00,24.396581634228397,24.67707109021869,23.435332416882506,24.164005279541016,557992000,0.0,0.0
2022-04-08 00:00:00-04:00,23.873534503516744,23.879524117334512,23.02008878589578,23.076984405517578,524781000,0.0,0.0
2022-04-11 00:00:00-04:00,22.173627848560624,22.27943419352608,21.620633863364553,21.877166748046875,575207000,0.0,0.0
2022-04-12 00:00:00-04:00,22.496041696902733,22.683699749756602,21.243321479658512,21.46491813659668,662258000,0.0,0.0
2022-04-13 00:00:00-04:00,21.68851390489682,22.459110293944573,21.416009317470518,22.162649154663086,516943000,0.0,0.0
2022-04-14 00:00:00-04:00,22.46409755288005,22.73560447190071,21.124537508973223,21.219364166259766,569097000,0.0,0.0
2022-04-18 00:00:00-04:00,21.161473248993577,22.047858038582817,21.040692857198728,21.7434139251709,525701000,0.0,0.0
2022-04-19 00:00:00-04:00,21.680527560297847,22.332340741600348,21.27526524698662,22.15765953063965,512781000,0.0,0.0
2022-04-20 00:00:00-04:00,22.476079663374364,22.628801491972297,21.161473633865274,21.442960739135742,468974000,0.0,0.0
2022-04-21 00:00:00-04:00,21.669550192138768,22.35130961288542,19.963656140480197,20.146324157714844,656209000,0.0,0.0
2022-04-22 00:00:00-04:00,20.26610021349829,20.448768187334096,19.464560112515493,19.47953224182129,624713000,0.0,0.0
2022-04-25 00:00:00-04:00,19.167102763902953,19.90875249765362,19.061296409060496,19.86583137512207,641566000,0.0,0.0
2022-04-26 00:00:00-04:00,19.68216287027666,19.75203534038587,18.636067279230755,18.75385284423828,653143000,0.0,0.0
2022-04-27 00:00:00-04:00,18.56420258895358,19.13216882446557,18.25676363846258,18.38153648376465,499460000,0.0,0.0
2022-04-28 00:00:00-04:00,18.932526784881514,20.00058367334218,18.456394441911,19.74604606628418,570327000,0.0,0.0
2022-04-29 00:00:00-04:00,19.36674191148043,20.091422411814133,18.48334995977803,18.513296127319336,500435000,0.0,0.0
2022-05-02 00:00:00-04:00,18.507303670385827,19.53842532093115,18.357576663441748,19.497501373291016,572049000,0.0,0.0
2022-05-03 00:00:00-04:00,19.364741283038427,19.788970013363656,19.098226341517233,19.566373825073242,475751000,0.0,0.0
2022-05-04 00:00:00-04:00,19.88679240340564,20.362924790823026,18.716921505243764,20.29704475402832,648855000,0.0,0.0
2022-05-05 00:00:00-04:00,19.830894968407897,19.888788220846624,18.466378728953146,18.80975341796875,626331000,0.0,0.0
2022-05-06 00:00:00-04:00,18.701949838466604,19.47653863115754,17.957305306226015,18.64105987548828,633297000,0.0,0.0
2022-05-09 00:00:00-04:00,18.001228764705814,18.22182592676912,16.796421410513055,16.919198989868164,644455000,0.0,0.0
2022-05-10 00:00:00-04:00,17.656853560798723,18.164929349233372,16.994060667065273,17.563024520874023,761474000,0.0,0.0
2022-05-11 00:00:00-04:00,17.31546919796793,17.72073136565239,16.537885824190266,16.59977149963379,670167000,0.0,0.0
2022-05-12 00:00:00-04:00,16.189525752393525,16.75749197618236,15.538711130202692,16.145605087280273,708728000,0.0,0.0
2022-05-13 00:00:00-04:00,16.757493216581477,17.895421017236522,16.562847872141287,17.673824310302734,670437000,0.0,0.0
2022-05-16 00:00:00-04:00,17.477183493359433,17.755675825530098,17.074915945165092,17.232627868652344,521446000,0.0,0.0
2022-05-17 00:00:00-04:00,18.041158908371674,18.337620142122375,17.601959760131862,18.143972396850586,585830000,0.0,0.0
2022-05-18 00:00:00-04:00,17.672825290748634,18.085074867941106,16.833354004544034,16.90721893310547,545161000,0.0,0.0
2022-05-19 00:00:00-04:00,16.906217932771696,17.654854836825514,16.703585856926992,17.092878341674805,621310000,0.0,0.0
2022-05-20 00:00:00-04:00,17.30050299605302,17.378360361940025,15.726368287812404,16.66366195678711,739105000,0.0,0.0
2022-05-23 00:00:00-04:00,16.244423998494888,16.884259799237338,16.149597335733432,16.867290496826172,639889000,0.0,0.0
2022-05-24 00:00:00-04:00,16.479997280187,16.566839072025044,15.751323384344335,16.124643325805664,588550000,0.0,0.0
2022-05-25 00:00:00-04:00,15.990888366746299,17.079905368342203,15.97092425449637,16.94415283203125,781132000,0.0,0.0
2022-05-26 00:00:00-04:00,16.00685575522456,18.059118973315748,15.992881259502376,17.818557739257812,996575000,0.0,0.0
2022-05-27 00:00:00-04:00,18.15294938885793,18.846685983699807,18.06710524448989,18.776813507080078,738379000,0.0,0.0
2022-05-31 00:00:00-04:00,18.945506160051778,19.165107560608973,18.316651930915967,18.6380672454834,664100000,0.0,0.0
2022-06-01 00:00:00-04:00,18.68997202318387,19.018372668475514,18.089064907013434,18.286705017089844,544514000,0.0,0.0
2022-06-02 00:00:00-04:00,18.258757824402238,19.583345936482782,18.164928787379736,19.556394577026367,648656000,0.0,0.0
2022-06-03 00:00:00-04:00,19.047323404464223,19.296869084599603,18.488339710165604,18.68597984313965,598779000,0.0,0.0
2022-06-06 00:00:00-04:00,19.104214914413042,19.30185500483549,18.530259212120434,18.751855850219727,422406000,0.0,0.0
2022-06-07 00:00:00-04:00,18.438428121556196,18.965468384281454,18.154943882331036,18.891603469848633,388914000,0.0,0.0
2022-06-08 00:00:00-04:00,18.768800398425874,19.14918886431723,18.505224558437913,18.618043899536133,363252000,0.004,0.0
2022-06-09 00:00:00-04:00,18.451315596651252,18.902589231705353,18.01202181811601,18.019010543823242,395574000,0.0,0.0
2022-06-10 00:00:00-04:00,17.57172730437252,17.66857160304111,16.841900702079162,16.946733474731445,465248000,0.0,0.0
2022-06-13 00:00:00-04:00,15.974298882999761,16.28579798543527,15.580931719685918,15.621866226196289,604153000,0.0,0.0
2022-06-14 00:00:00-04:00,15.705731253766638,16.040193181616115,15.387243419466994,15.810563087463379,469680000,0.0,0.0
2022-06-15 00:00:00-04:00,16.069148593941897,16.84090776866959,15.900420358059693,16.500455856323242,563936000,0.0,0.0
2022-06-16 00:00:00-04:00,15.834523928335084,15.916392943958204,15.376261580184906,15.575940132141113,545749000,0.0,0.0
2022-06-17 00:00:00-04:00,15.622861677774148,15.969304353592964,15.30337605374995,15.85448932647705,630334000,0.0,0.0
2022-06-21 00:00:00-04:00,16.44853713036233,16.980680030237714,16.380645564342693,16.539390563964844,483089000,0.0,0.0
2022-06-22 00:00:00-04:00,16.199937522982893,16.63523803952557,16.15401188075244,16.333723068237305,437135000,0.0,0.0
2022-06-23 00:00:00-04:00,16.492466783521426,16.558360761085417,15.827537079076826,16.19894027709961,463680000,0.0,0.0
2022-06-24 00:00:00-04:00,16.473497698396116,17.11246912096269,16.283802343214774,17.098491668701172,472153000,0.0,0.0
2022-06-27 00:00:00-04:00,17.28419291089453,17.302163648044232,16.599293974290056,16.841903686523438,427968000,0.0,0.0
2022-06-28 00:00:00-04:00,16.872852064808622,17.17436698853459,15.91938621875453,15.956327438354492,461149000,0.0,0.0
2022-06-29 00:00:00-04:00,15.788596955968533,15.794586883557068,15.145631406490011,15.517033576965332,482352000,0.0,0.0
2022-06-30 00:00:00-04:00,15.336324452753491,15.54199386594336,14.838126440244391,15.134649276733398,686070000,0.0,0.0
2022-07-01 00:00:00-04:00,14.875066426306015,15.038802535047681,14.368880901155025,14.499670028686523,577610000,0.0,0.0
2022-07-05 00:00:00-04:00,14.152230235873315,14.946951112194402,14.032423111650445,14.939962387084961,651397000,0.0,0.0
2022-07-06 00:00:00-04:00,14.985890495457909,15.29439418107764,14.765244805229912,15.105697631835938,529066000,0.0,0.0
2022-07-07 00:00:00-04:00,15.431173417202471,15.919387306256189,15.364280650557577,15.832527160644531,492903000,0.0,0.0
2022-07-08 00:00:00-04:00,15.405215450126937,16.01124079035871,15.364280941862427,15.812560081481934,467972000,0.0,0.0
2022-07-11 00:00:00-04:00,15.501060543530391,15.502059340934558,15.013844503778325,15.12766170501709,437321000,0.0,0.0
2022-07-12 00:00:00-04:00,15.243474689136713,15.406212969174792,14.85310295738434,15.05777359008789,458483000,0.0,0.0
2022-07-13 00:00:00-04:00,14.56656528451449,15.350304243121299,14.4417660630257,15.139642715454102,521918000,0.0,0.0
2022-07-14 00:00:00-04:00,15.083731337790685,15.448144798089075,14.704341629701336,15.347307205200195,456235000,0.0,0.0
2022-07-15 00:00:00-04:00,15.633846749612045,15.75664836262336,15.420189805163654,15.73668098449707,385935000,0.0,0.0
2022-07-18 00:00:00-04:00,16.275813524039364,16.8698570674019,15.976296187145689,16.075136184692383,670517000,0.0,0.0
2022-07-19 00:00:00-04:00,16.45951683745517,17.082514988008967,16.146022071859953,16.964704513549805,702366000,0.0,0.0
2022-07-20 00:00:00-04:00,16.919779281556753,17.90419557403467,16.774013886344825,17.778396606445312,760538000,0.0,0.0
2022-07-21 00:00:00-04:00,17.856275439067566,18.114858336306213,17.516821354849537,18.02100944519043,557049000,0.0,0.0
2022-07-22 00:00:00-04:00,17.86425701094861,17.93813754600972,17.109470902798687,17.291179656982422,536671000,0.0,0.0
2022-07-25 00:00:00-04:00,16.991661475600253,17.096494261320483,16.622256873127547,16.996654510498047,480748000,0.0,0.0
2022-07-26 00:00:00-04:00,16.861870154684528,16.891822649479725,16.451531068699488,16.50644302368164,397865000,0.0,0.0
2022-07-27 00:00:00-04:00,17.004635782366,17.907184639586514,16.885827487094517,17.76141929626465,569776000,0.0,0.0
2022-07-28 00:00:00-04:00,17.946131853648662,18.1108658672039,17.411991236147625,17.955116271972656,474646000,0.0,0.0
2022-07-29 00:00:00-04:00,17.784387118127725,18.214694569102246,17.663581188162542,18.133825302124023,435460000,0.0,0.0
2022-08-01 00:00:00-04:00,18.15279410603998,18.815729008879483,17.96110307249906,18.411378860473633,476469000,0.0,0.0
2022-08-02 00:00:00-04:00,18.09289210018399,18.90758142194784,18.062939600781153,18.49624252319336,489527000,0.0,0.0
2022-08-03 00:00:00-04:00,18.154792892998703,18.937534029090394,18.107867500762456,18.862653732299805,418146000,0.0,0.0
2022-08-04 00:00:00-04:00,18.818724113299595,19.243040681587424,18.72986637165179,19.18413543701172,409652000,0.0,0.0
2022-08-05 00:00:00-04:00,18.779784678395007,19.198112256942917,18.636016886602366,18.958498001098633,386068000,0.0,0.0
2022-08-08 00:00:00-04:00,17.473884755972595,18.20970031636088,17.214302203916876,17.764415740966797,981859000,0.0,0.0
2022-08-09 00:00:00-04:00,17.224285475006486,17.418971902884152,16.697133828709614,17.058551788330078,668263000,0.0,0.0
2022-08-10 00:00:00-04:00,17.66956911758063,18.088894487490233,17.289180654581262,18.067928314208984,597422000,0.0,0.0
2022-08-11 00:00:00-04:00,18.101876890579906,18.676951881347318,17.847285427896846,17.913179397583008,509327000,0.0,0.0
2022-08-12 00:00:00-04:00,18.13082581557374,18.68792995248519,17.92415762973826,18.678943634033203,478094000,0.0,0.0
2022-08-15 00:00:00-04:00,18.670959037819138,19.133214622291845,18.583101055571028,19.001426696777344,457666000,0.0,0.0
2022-08-16 00:00:00-04:00,18.88960928236418,19.11125281035759,18.471281688551823,18.848674774169922,451240000,0.0,0.0
2022-08-17 00:00:00-04:00,18.49324350751231,18.657977444704226,18.115850505713258,18.305543899536133,446799000,0.0,0.0
2022-08-18 00:00:00-04:00,18.271605449183827,18.83469872730568,18.153794950823045,18.742847442626953,415447000,0.0,0.0
2022-08-19 00:00:00-04:00,18.376440052530803,18.49025728814988,17.741461790129307,17.820335388183594,441588000,0.0,0.0
2022-08-22 00:00:00-04:00,17.46190444615827,17.529796005514974,16.93874601388548,17.006637573242188,409593000,0.0,0.0
2022-08-23 00:00:00-04:00,16.961711297149357,17.436946542201706,16.94274081093071,17.15340232849121,369986000,0.0,0.0
2022-08-24 00:00:00-04:00,16.984677928467914,17.378046171524556,16.867867155377258,17.1943416595459,522661000,0.0,0.0
2022-08-25 00:00:00-04:00,16.816946359702275,17.91817544800935,16.805964346953886,17.88422966003418,770691000,0.0,0.0
2022-08-26 00:00:00-04:00,17.828313684831375,17.895205487932916,16.210915322065308,16.23387908935547,769127000,0.0,0.0
2022-08-29 00:00:00-04:00,15.994267589292031,16.311755674946216,15.741673723289146,15.775618553161621,496132000,0.0,0.0
2022-08-30 00:00:00-04:00,15.934365635672885,16.013238268713422,15.157615354356478,15.443156242370605,530181000,0.0,0.0
2022-08-31 00:00:00-04:00,15.359288739854978,15.515038296538872,14.934971220455097,15.069754600524902,573710000,0.0,0.0
2022-09-01 00:00:00-04:00,14.186175206862451,14.356901003294752,13.248684378970617,13.914612770080566,1178865000,0.0,0.0
2022-09-02 00:00:00-04:00,14.077350584914733,14.14823567963121,13.569167449536392,13.625078201293945,743157000,0.0,0.0
2022-09-06 00:00:00-04:00,13.70894332767748,13.756866558635831,13.329553621636906,13.443370819091797,535751000,0.0,0.0
2022-09-07 00:00:00-04:00,13.545236934215922,13.819877351748058,13.328521120783083,13.696039199829102,512657000,0.004,0.0
2022-09-08 00:00:00-04:00,13.44137306668779,13.989654808399921,13.351491735146373,13.971677780151367,624873000,0.0,0.0
2022-09-09 00:00:00-04:00,14.138460938492864,14.455046214271212,14.1075023483973,14.368160247802734,486612000,0.0,0.0
2022-09-12 00:00:00-04:00,14.350182305946856,14.527948688246315,14.179405773307693,14.486003875732422,484159000,0.0,0.0
2022-09-13 00:00:00-04:00,13.78392363062557,13.903766352893664,13.081844277875383,13.113801956176758,714956000,0.0,0.0
2022-09-14 00:00:00-04:00,13.23664185667735,13.272594961389391,12.896088837173366,13.110807418823242,588507000,0.0,0.0
2022-09-15 00:00:00-04:00,12.997957145239825,13.215671132338676,12.773251402722765,12.912069320678711,523625000,0.0,0.0
2022-09-16 00:00:00-04:00,12.725312420987274,13.194697165247513,12.600476123758247,13.180715560913086,670751000,0.0,0.0
2022-09-19 00:00:00-04:00,12.994959906915472,13.44536950238442,12.992962670832137,13.36447525024414,569685000,0.0,0.0
2022-09-20 00:00:00-04:00,13.197695205969652,13.465343911425606,13.039902113440293,13.158745765686035,524818000,0.0,0.0
2022-09-21 00:00:00-04:00,13.195695797303914,14.012624337752102,13.092830051959995,13.243632316589355,807679000,0.0,0.0
2022-09-22 00:00:00-04:00,13.052885163272478,13.131782189001923,12.411726585498068,12.544551849365234,759162000,0.0,0.0
2022-09-23 00:00:00-04:00,12.403734995875771,12.594484849369591,12.240948352013458,12.499608993530273,663309000,0.0,0.0
2022-09-26 00:00:00-04:00,12.474639695860322,12.642419873548866,12.198002078619819,12.211983680725098,547343000,0.0,0.0
2022-09-27 00:00:00-04:00,12.490619571943231,12.719319742448128,12.241946090666989,12.396742820739746,553854000,0.0,0.0
2022-09-28 00:00:00-04:00,12.393747960630728,12.806207210789621,12.337821540927935,12.719321250915527,542414000,0.0,0.0
2022-09-29 00:00:00-04:00,12.43169872306821,12.48363067238174,11.930356260034026,12.203997611999512,532763000,0.0,0.0
2022-09-30 00:00:00-04:00,12.071169294217576,12.616454666511402,12.059184927057526,12.123101234436035,565638000,0.0,0.0
2022-10-03 00:00:00-04:00,12.33082923699565,12.661396053420196,12.089145605693762,12.495613098144531,547478000,0.0,0.0
2022-10-04 00:00:00-04:00,12.862133487134708,13.202687472797923,12.862133487134708,13.14975643157959,584182000,0.0,0.0
2022-10-05 00:00:00-04:00,12.894093681996612,13.303556646836327,12.604473466444704,13.191702842712402,507131000,0.0,0.0
2022-10-06 00:00:00-04:00,13.202686696750762,13.638115559922221,13.085839346698974,13.112804412841797,644157000,0.0,0.0
2022-10-07 00:00:00-04:00,12.488620550498295,12.653404388608742,12.006253401886365,12.060182571411133,672478000,0.0,0.0
2022-10-10 00:00:00-04:00,12.02123547777354,12.108121431783047,11.3930595354897,11.654716491699219,698699000,0.0,0.0
2022-10-11 00:00:00-04:00,11.54586060414577,11.830487240884722,11.26822477034636,11.570828437805176,667482000,0.0,0.0
2022-10-12 00:00:00-04:00,11.563836589027906,11.719631475815296,11.330142830208745,11.484939575195312,492590000,0.0,0.0
2022-10-13 00:00:00-04:00,10.956630918111395,12.06218142250349,10.798837859501226,11.9443359375,850103000,0.0,0.0
2022-10-14 00:00:00-04:00,12.041209377307327,12.095138555665246,11.18932684468692,11.212296485900879,713432000,0.0,0.0
2022-10-17 00:00:00-04:00,11.502917322172966,11.932354560379084,11.501919180227205,11.872432708740234,580774000,0.0,0.0
2022-10-18 00:00:00-04:00,12.327834421594872,12.475640367724393,11.602785343462813,11.95132827758789,659362000,0.0,0.0
2022-10-19 00:00:00-04:00,11.863442610170829,12.333826444729338,11.818501467347717,12.03521728515625,523131000,0.0,0.0
2022-10-20 00:00:00-04:00,12.097134823090324,12.752275759292546,12.08914492779996,12.17802906036377,652398000,0.0,0.0
2022-10-21 00:00:00-04:00,12.0821555690685,12.481632285200682,11.871432413251382,12.449673652648926,609494000,0.0,0.0
2022-10-24 00:00:00-04:00,12.491618133053988,12.69335323012042,12.048199414232464,12.582498550415039,517457000,0.0,0.0
2022-10-25 00:00:00-04:00,12.677375456026189,13.28258175046069,12.647414059994293,13.243632316589355,505482000,0.0,0.0
2022-10-26 00:00:00-04:00,12.852146223274735,13.370465602720852,12.691356829552692,12.879110336303711,532953000,0.0,0.0
2022-10-27 00:00:00-04:00,13.61215172838995,13.819879536767937,13.104816577345671,13.158745765686035,583113000,0.0,0.0
2022-10-28 00:00:00-04:00,13.086838241715473,13.83186152118797,13.043894336346346,13.815881729125977,521040000,0.0,0.0
2022-10-31 00:00:00-04:00,13.759956486013305,13.819878330285551,13.2795864472885,13.479324340820312,486341000,0.0,0.0
2022-11-01 00:00:00-04:00,13.792911480150275,13.906762493344775,13.501294098029572,13.525262832641602,432817000,0.0,0.0
2022-11-02 00:00:00-04:00,13.83186295115386,14.191391166061656,13.193699822047904,13.201688766479492,672628000,0.0,0.0
2022-11-03 00:00:00-04:00,13.025919033651268,13.762952460821824,12.93903307601992,13.403423309326172,500065000,0.0,0.0
2022-11-04 00:00:00-04:00,13.967683273201919,14.210365058332465,13.67906125202417,14.137460708618164,612576000,0.0,0.0
2022-11-07 00:00:00-05:00,14.209366081203711,14.393125122055553,13.935725708295829,14.282270431518555,410061000,0.0,0.0
2022-11-08 00:00:00-05:00,14.781614983674388,14.871497264348415,14.197381111718515,14.582876205444336,595292000,0.0,0.0
2022-11-09 00:00:00-05:00,14.143454531625968,14.192391105096668,13.740982382953218,13.757960319519043,454414000,0.0,0.0
2022-11-10 00:00:00-05:00,14.780617338263776,15.752342620008893,14.527948421204893,15.72937297821045,700819000,0.0,0.0
2022-11-11 00:00:00-05:00,15.786301605326148,16.367539281571972,15.461727368675898,16.305620193481445,655487000,0.0,0.0
2022-11-14 00:00:00-05:00,16.196759933471668,16.518338717650273,15.901147120330615,16.273658752441406,527852000,0.0,0.0
2022-11-15 00:00:00-05:00,16.700097166882006,16.97573472460198,16.360542356241957,16.6441707611084,545876000,0.0,0.0
2022-11-16 00:00:00-05:00,16.140834757175984,16.340571692497278,15.85221272363111,15.889163970947266,649547000,0.0,0.0
2022-11-17 00:00:00-05:00,15.694419686718572,16.244698687867267,15.514655111106975,15.656469345092773,710894000,0.0,0.0
2022-11-18 00:00:00-05:00,15.94508842788451,15.981042481409775,15.100196742798564,15.388818740844727,492072000,0.0,0.0
2022-11-21 00:00:00-05:00,15.127163364237928,15.456731110524126,15.060250720781186,15.296940803527832,404739000,0.0,0.0
2022-11-22 00:00:00-05:00,15.307924354517073,16.036968738657247,15.102193833582675,16.01699447631836,472866000,0.0,0.0
2022-11-23 00:00:00-05:00,16.076917762150764,16.505356800578657,16.026984003688426,16.497365951538086,427241000,0.0,0.0
2022-11-25 00:00:00-05:00,16.296632854209083,16.465410273649304,16.150824128322316,16.248695373535156,167934000,0.0,0.0
2022-11-28 00:00:00-05:00,16.005012266171555,16.335580086090914,15.704407750431818,15.806273460388184,303741000,0.0,0.0
2022-11-29 00:00:00-05:00,15.806272346937764,15.9111353323506,15.499675191959904,15.618518829345703,298384000,0.0,0.0
2022-11-30 00:00:00-05:00,15.68045251052316,16.912153494374177,15.580558497425681,16.905160903930664,565298000,0.004,0.0
2022-12-01 00:00:00-05:00,16.98107753527114,17.24679591788229,16.61746100109722,17.116933822631836,470977000,0.0,0.0
2022-12-02 00:00:00-05:00,16.64143742283547,16.915148722341915,16.42766233403227,16.85820770263672,371389000,0.0,0.0
2022-12-05 00:00:00-05:00,16.661420572590046,16.977087481695534,16.45463802657284,16.592493057250977,352255000,0.0,0.0
2022-12-06 00:00:00-05:00,16.512574928841648,16.555528867031303,15.802324015737545,15.970147132873535,352694000,0.0,0.0
2022-12-07 00:00:00-05:00,15.7553764476407,16.16894059762961,15.650486623430005,16.103010177612305,372388000,0.0,0.0
2022-12-08 00:00:00-05:00,16.25584460322099,17.160889573039334,15.942174561334516,17.15089988708496,515456000,0.0,0.0
2022-12-09 00:00:00-05:00,17.14190886566031,17.564463251970096,16.95710443596456,16.983076095581055,465338000,0.0,0.0
2022-12-12 00:00:00-05:00,17.019045201245973,17.519516643906666,16.779298368138964,17.51651954650879,457328000,0.0,0.0
2022-12-13 00:00:00-05:00,18.51146764054295,18.770195420423224,17.692332261799088,18.05295181274414,656589000,0.0,0.0
2022-12-14 00:00:00-05:00,17.968042465025786,18.232764469083662,17.40164060757752,17.655372619628906,496888000,0.0,0.0
2022-12-15 00:00:00-05:00,17.127925453761733,17.30174181827522,16.682396458224076,16.93412971496582,478542000,0.0,0.0
2022-12-16 00:00:00-05:00,16.846223968965074,17.023037438901543,16.392702058076296,16.553531646728516,478232000,0.0,0.0
2022-12-19 00:00:00-05:00,16.554531578863497,16.591491326415667,16.127981643599433,16.236865997314453,354039000,0.0,0.0
2022-12-20 00:00:00-05:00,16.047066889019305,16.292807881891594,15.835291407365762,16.068044662475586,403260000,0.0,0.0
2022-12-21 00:00:00-05:00,16.097015130166447,16.60947488301715,16.085026742432447,16.483606338500977,325025000,0.0,0.0
2022-12-22 00:00:00-05:00,16.077033433532407,16.120987673315565,14.866311240758934,15.322829246520996,565045000,0.0,0.0
2022-12-23 00:00:00-05:00,15.17998223602925,15.322831151410716,14.867312438743172,15.189971923828125,349326000,0.0,0.0
2022-12-27 00:00:00-05:00,15.058110852321793,15.08408346858157,14.041183324202558,14.106115341186523,464902000,0.0,0.0
2022-12-28 00:00:00-05:00,13.912318692934731,14.24696558584254,13.869363801000764,14.021203994750977,351066000,0.0,0.0
2022-12-29 00:00:00-05:00,14.386819046661842,14.667522024551847,14.212003326446284,14.587606430053711,354923000,0.0,0.0
2022-12-30 00:00:00-05:00,14.318889147477543,14.613578243254633,14.217995786415349,14.598594665527344,310490000,0.0,0.0
2023-01-03 00:00:00-05:00,14.83534383569061,14.98019143326443,14.081139646053048,14.299908638000488,401277000,0.0,0.0
2023-01-04 00:00:00-05:00,14.5516444923479,14.837342302451898,14.225987933937839,14.733451843261719,431324000,0.0,0.0
2023-01-05 00:00:00-05:00,14.475725368544696,14.548648374304229,14.133086509590795,14.249963760375977,389168000,0.0,0.0
2023-01-06 00:00:00-05:00,14.45874173703761,14.994176946626181,14.019205996590792,14.84333610534668,405044000,0.0,0.0
2023-01-09 00:00:00-05:00,15.267888310654865,16.03907384357529,15.125038456294371,15.611525535583496,504231000,0.0,0.0
2023-01-10 00:00:00-05:00,15.490652443025239,15.945172704430046,15.455689492558554,15.892229080200195,384101000,0.0,0.0
2023-01-11 00:00:00-05:00,15.823301290137104,16.01110282220087,15.546592882587277,15.984130859375,353285000,0.0,0.0
2023-01-12 00:00:00-05:00,16.083029067309738,16.619461755576417,15.47566921706697,16.493595123291016,551409000,0.0,0.0
2023-01-13 00:00:00-05:00,16.260839889557317,16.904162001817628,16.147960048723682,16.88118553161621,447287000,0.0,0.0
2023-01-17 00:00:00-05:00,16.881188834859515,17.709315551841687,16.881188834859515,17.68334197998047,511102000,0.0,0.0
2023-01-18 00:00:00-05:00,17.648373995471697,17.85415619050999,17.263779661511762,17.358680725097656,439624000,0.0,0.0
2023-01-19 00:00:00-05:00,17.018042058487556,17.17887355641003,16.713365152180454,16.74732780456543,452932000,0.0,0.0
2023-01-20 00:00:00-05:00,16.993071584238688,17.83718224808323,16.807268694087977,17.820199966430664,564967000,0.0,0.0
2023-01-23 00:00:00-05:00,18.044958004082773,19.2247147792948,17.799218927189443,19.17276954650879,655163000,0.0,0.0
2023-01-24 00:00:00-05:00,18.80715382585874,19.474450850170054,18.800161235154988,19.244691848754883,496204000,0.0,0.0
2023-01-25 00:00:00-05:00,18.893063715882672,19.349582719059857,18.560414551747876,19.302631378173828,449537000,0.0,0.0
2023-01-26 00:00:00-05:00,19.680232657858443,20.14474263652142,19.25767822252368,19.781126022338867,489535000,0.0,0.0
2023-01-27 00:00:00-05:00,19.441484557009698,20.60625581574819,19.384545434625117,20.34353256225586,542142000,0.0,0.0
2023-01-30 00:00:00-05:00,19.928969317759073,20.11876764644554,19.129811540746857,19.141799926757812,488611000,0.0,0.0
2023-01-31 00:00:00-05:00,19.14979328260832,19.66624851924581,18.930025867048208,19.516407012939453,498017000,0.0,0.0
2023-02-01 00:00:00-05:00,19.670244043953495,21.169661317208572,19.59032844677635,20.92092514038086,660477000,0.0,0.0
2023-02-02 00:00:00-05:00,20.977861172359162,21.925860113730366,20.6781782034606,21.686113357543945,564276000,0.0,0.0
2023-02-03 00:00:00-05:00,20.9778619200745,21.72207738368297,20.76708391302964,21.077756881713867,429366000,0.0,0.0
2023-02-06 00:00:00-05:00,20.78406792196353,21.54726252016348,20.764088546903054,21.066770553588867,452197000,0.0,0.0
2023-02-07 00:00:00-05:00,21.3594611160502,22.235537474634327,21.12770531761483,22.149627685546875,664150000,0.0,0.0
2023-02-08 00:00:00-05:00,22.363398373809797,22.853881881192613,21.98479821168747,22.181591033935547,559651000,0.0,0.0
2023-02-09 00:00:00-05:00,22.582171117953777,22.995734263923605,22.0966833667124,22.313453674316406,523876000,0.0,0.0
2023-02-10 00:00:00-05:00,21.667135439240298,22.05472500108008,20.789062350237074,21.242582321166992,550737000,0.0,0.0
2023-02-13 00:00:00-05:00,21.515293472026823,22.024756028474826,20.939900511928794,21.765029907226562,474919000,0.0,0.0
2023-02-14 00:00:00-05:00,21.555253690620347,23.02470377641566,21.343477267064582,22.946786880493164,675474000,0.0,0.0
2023-02-15 00:00:00-05:00,22.52522629397233,22.83090343317728,22.082694463199154,22.739999771118164,420575000,0.0,0.0
2023-02-16 00:00:00-05:00,22.109666050196253,22.526226251527607,21.903883847439104,21.978805541992188,412026000,0.0,0.0
2023-02-17 00:00:00-05:00,21.608199514245356,21.717083871627388,20.952890859592024,21.365455627441406,465888000,0.0,0.0
2023-02-21 00:00:00-05:00,20.97785813482087,21.471336755550077,20.596260936377625,20.633222579956055,410015000,0.0,0.0
2023-02-22 00:00:00-05:00,20.685174889382303,21.081755798453145,20.39947513838324,20.73212432861328,513184000,0.0,0.0
2023-02-23 00:00:00-05:00,23.415292346798566,23.862820062689913,23.0007288852004,23.639055252075195,1117995000,0.0,0.0
2023-02-24 00:00:00-05:00,23.200519010604086,23.449257089535415,22.922812171124363,23.26145362854004,589716000,0.0,0.0
2023-02-27 00:00:00-05:00,23.645049286961875,23.854827009250346,23.429277371082858,23.476226806640625,452994000,0.0,0.0
2023-02-28 00:00:00-05:00,23.347364022615437,23.799887550278743,23.18153863236945,23.1915283203125,455963000,0.0,0.0
2023-03-01 00:00:00-05:00,23.1675548821103,23.231488507829404,22.48427580835061,22.674076080322266,460026000,0.0,0.0
2023-03-02 00:00:00-05:00,22.464293559566894,23.35535148775119,22.408350934456944,23.28942108154297,389415000,0.0,0.0
2023-03-03 00:00:00-05:00,23.295417814080157,23.874806353174602,23.105617561777713,23.864816665649414,412393000,0.0,0.0
2023-03-06 00:00:00-05:00,23.865819498087028,24.222441663316612,23.462244081707404,23.5291748046875,437429000,0.0,0.0
2023-03-07 00:00:00-05:00,23.579128902669357,24.103664219579663,23.22044523812733,23.267404556274414,515154000,0.004,0.0
2023-03-08 00:00:00-05:00,23.46622807879238,24.178598765957478,23.40328406914848,24.15961456298828,513573000,0.0,0.0
2023-03-09 00:00:00-05:00,24.153616530475606,24.432370990770355,23.36231723479036,23.415271759033203,501257000,0.0,0.0
2023-03-10 00:00:00-05:00,23.388296345871805,23.60610394776299,22.705899859992172,22.94468879699707,474866000,0.0,0.0
2023-03-13 00:00:00-04:00,22.731876826184696,23.2773934204727,22.27727934666776,22.94568634033203,421890000,0.0,0.0
2023-03-14 00:00:00-04:00,23.475217706481274,24.197577774691457,23.439248344671885,24.041715621948242,474910000,0.0,0.0
2023-03-15 00:00:00-04:00,23.73998553895474,24.26452084975583,23.339341111840906,24.206573486328125,524486000,0.0,0.0
2023-03-16 00:00:00-04:00,24.00574531202844,25.56536331504733,23.872861642086114,25.51840591430664,583253000,0.0,0.0
2023-03-17 00:00:00-04:00,25.95902220904214,26.37565323674263,25.645298824126904,25.70224952697754,848547000,0.0,0.0
2023-03-20 00:00:00-04:00,25.592342695819287,26.000981321988803,25.107771080019624,25.877090454101562,432747000,0.0,0.0
2023-03-21 00:00:00-04:00,26.15684854280883,26.36866095810992,25.358555335995277,26.175830841064453,547408000,0.0,0.0
2023-03-22 00:00:00-04:00,26.401626474238157,27.564598386349715,26.21379303359335,26.444589614868164,797295000,0.0,0.0
2023-03-23 00:00:00-04:00,27.091017232493737,27.474678371614985,26.66639389662088,27.166950225830078,564889000,0.0,0.0
2023-03-24 00:00:00-04:00,27.007091792651533,27.142971183393072,26.331689105706722,26.755313873291016,454920000,0.0,0.0
2023-03-27 00:00:00-04:00,26.81326506197413,26.97612101034624,26.341682380127203,26.507535934448242,361026000,0.0,0.0
2023-03-28 00:00:00-04:00,26.42361038825946,26.4895520016458,25.8271382618564,26.386642456054688,356104000,0.0,0.0
2023-03-29 00:00:00-04:00,26.80127663568218,27.054051235079495,26.573477639400732,26.960134506225586,393694000,0.0,0.0
2023-03-30 00:00:00-04:00,27.204918683423134,27.47468035198424,27.07803019459777,27.358781814575195,364516000,0.0,0.0
2023-03-31 00:00:00-04:00,27.115996118368173,27.809382571922825,27.081027225666862,27.75243377685547,433933000,0.0,0.0
2023-04-03 00:00:00-04:00,27.484671479925822,27.97523645598325,27.311824147854885,27.94026756286621,398716000,0.0,0.0
2023-04-04 00:00:00-04:00,27.941265336695817,27.975235662091706,27.28284778669967,27.42871856689453,368592000,0.0,0.0
2023-04-05 00:00:00-04:00,26.80526755682353,26.97411677893006,26.371651457693215,26.857221603393555,515015000,0.0,0.0
2023-04-06 00:00:00-04:00,26.560485977879456,27.056047553520614,26.403625256641565,27.013086318969727,397654000,0.0,0.0
2023-04-10 00:00:00-04:00,26.79927368503425,27.59656814998943,26.645410576438564,27.55460548400879,395279000,0.0,0.0
2023-04-11 00:00:00-04:00,27.699477407319026,27.76541901115848,27.1020048950003,27.144968032836914,314378000,0.0,0.0
2023-04-12 00:00:00-04:00,27.345793254176353,27.443706150535657,26.42460783917617,26.471567153930664,446259000,0.0,0.0
2023-04-13 00:00:00-04:00,26.71035256577281,26.863217112653786,26.305712014928602,26.439592361450195,353615000,0.0,0.0
2023-04-14 00:00:00-04:00,26.48055798084649,26.859222480822282,26.196808771126577,26.734333038330078,395660000,0.0,0.0
2023-04-17 00:00:00-04:00,26.541503250119483,26.98211316139373,26.409620037298097,26.978116989135742,321471000,0.0,0.0
2023-04-18 00:00:00-04:00,27.508648184223265,28.08513749604695,27.332803260522113,27.642528533935547,604812000,0.0,0.0
2023-04-19 00:00:00-04:00,27.336798357649375,27.97523308017652,27.207912752047683,27.906293869018555,358660000,0.0,0.0
2023-04-20 00:00:00-04:00,27.64652455149464,28.00520817494305,26.976118523026464,27.080026626586914,427713000,0.0,0.0
2023-04-21 00:00:00-04:00,26.928160559616323,27.15895713906588,26.698364452495547,27.095012664794922,345103000,0.0,0.0
2023-04-24 00:00:00-04:00,26.989107985798988,27.341794498427166,26.647409518060194,27.018081665039062,339282000,0.0,0.0
2023-04-25 00:00:00-04:00,27.054050219721624,27.2229013742331,26.201805913337573,26.217790603637695,378527000,0.0,0.0
2023-04-26 00:00:00-04:00,26.978118263771744,27.305827272348722,26.68138006807285,26.932157516479492,406337000,0.0,0.0
2023-04-27 00:00:00-04:00,27.338799421481617,27.47068264242289,26.601451283130864,27.201919555664062,377161000,0.0,0.0
2023-04-28 00:00:00-04:00,27.200920093090993,27.733447698531908,27.047055069952613,27.724456787109375,292216000,0.0,0.0
2023-05-01 00:00:00-04:00,27.81537661530885,29.03229974718171,27.755430216862095,28.884429931640625,570329000,0.0,0.0
2023-05-02 00:00:00-04:00,28.654634590232256,28.810496754933304,28.058162478439368,28.185049057006836,402730000,0.0,0.0
2023-05-03 00:00:00-04:00,27.815377004737694,28.341911325325526,27.44770245263645,27.77741050720215,383387000,0.0,0.0
2023-05-04 00:00:00-04:00,27.626542529378735,27.834358742105735,27.21590674873428,27.537622451782227,321850000,0.0,0.0
2023-05-05 00:00:00-04:00,27.801385997568506,28.72956317440286,27.706470718340587,28.654630661010742,361494000,0.0,0.0
2023-05-08 00:00:00-04:00,28.49677215933893,29.194154745050692,28.32492531170623,29.125215530395508,344979000,0.0,0.0
2023-05-09 00:00:00-04:00,28.873437666396427,28.94737161540953,28.42483542221699,28.545726776123047,314869000,0.0,0.0
2023-05-10 00:00:00-04:00,28.97934408614239,29.087250267045963,28.435826537614037,28.859451293945312,369350000,0.0,0.0
2023-05-11 00:00:00-04:00,28.870438607270344,28.924391692794167,28.221013976145482,28.552719116210938,322149000,0.0,0.0
2023-05-12 00:00:00-04:00,28.503763865404448,28.754543198981384,28.02119130356018,28.314931869506836,274222000,0.0,0.0
2023-05-15 00:00:00-04:00,28.48278306832434,28.943375739340738,28.12709896933045,28.92738914489746,293926000,0.0,0.0
2023-05-16 00:00:00-04:00,28.815489784527685,29.84358087051638,28.806498873165175,29.18716049194336,449405000,0.0,0.0
2023-05-17 00:00:00-04:00,29.557833570142268,30.17228939441913,29.403970448812785,30.151308059692383,432535000,0.0,0.0
2023-05-18 00:00:00-04:00,30.383102432113493,31.799847490043984,30.293181883981152,31.649980545043945,748725000,0.0,0.0
2023-05-19 00:00:00-04:00,31.508104052568303,31.55206575731735,30.888653542259405,31.236345291137695,473908000,0.0,0.0
2023-05-22 00:00:00-04:00,30.87366776329227,31.49212165768894,30.652864468171376,31.148426055908203,372000000,0.0,0.0
2023-05-23 00:00:00-04:00,30.972582484687077,31.260327873842513,30.603909359902882,30.660858154296875,356253000,0.0,0.0
2023-05-24 00:00:00-04:00,30.18327356716524,30.579923623299155,29.779631639789173,30.510984420776367,721419000,0.0,0.0
2023-05-25 00:00:00-04:00,38.488926318360186,39.44508061098546,36.60259571255149,37.946407318115234,1543911000,0.0,0.0
2023-05-26 00:00:00-04:00,37.85648296620509,39.13534949472907,37.51678356815055,38.91154861450195,714397000,0.0,0.0
2023-05-30 00:00:00-04:00,40.559096455146374,41.90090712766281,39.91366790954096,40.075523376464844,923401000,0.0,0.0
2023-05-31 00:00:00-04:00,39.45306558470878,40.259350872876006,37.788539059197795,37.80052947998047,1002580000,0.0,0.0
2023-06-01 00:00:00-04:00,38.45495240408073,40.01457242184314,38.30608594218301,39.73482131958008,635873000,0.0,0.0
2023-06-02 00:00:00-04:00,40.061536692451796,40.46418014077918,39.0234541630698,39.29221725463867,482731000,0.0,0.0
2023-06-05 00:00:00-04:00,38.87458704490847,39.53000507242546,38.6727660406919,39.136356353759766,396094000,0.0,0.0
2023-06-06 00:00:00-04:00,38.79565501764921,39.125361136510946,38.11425525753202,38.619808197021484,388729000,0.0,0.0
2023-06-07 00:00:00-04:00,38.88460205575025,39.46814549212033,37.32681796379226,37.44572448730469,511998000,0.004,0.0
2023-06-08 00:00:00-04:00,37.694537790431326,38.83364687712899,37.47571086548645,38.479923248291016,417772000,0.0,0.0
2023-06-09 00:00:00-04:00,39.006501462599836,39.67997469301632,38.536871237623615,38.73971176147461,427717000,0.0,0.0
2023-06-12 00:00:00-04:00,39.169375433900385,39.49911563654259,38.5878293944271,39.45115280151367,388701000,0.0,0.0
2023-06-13 00:00:00-04:00,40.15461038931082,41.06889657145173,39.70895962649225,40.98995590209961,613208000,0.0,0.0
2023-06-14 00:00:00-04:00,40.7921176516414,42.96641687824926,40.52032691306219,42.96342086791992,740465000,0.0,0.0
2023-06-15 00:00:00-04:00,42.56872727104233,43.2551909701653,42.11408081517457,42.619686126708984,568622000,0.0,0.0
2023-06-16 00:00:00-04:00,43.41605281707227,43.68684099042033,42.62766780743099,42.65864562988281,655709000,0.0,0.0
2023-06-20 00:00:00-04:00,42.96441968644821,43.95564551444472,42.64067141901623,43.77378463745117,451153000,0.0,0.0
2023-06-21 00:00:00-04:00,43.467020523272616,43.58093370313804,42.04713285457767,43.011375427246094,551603000,0.0,0.0
2023-06-22 00:00:00-04:00,42.21999389255843,43.392077979853475,42.201011539171446,42.99139404296875,417737000,0.0,0.0
2023-06-23 00:00:00-04:00,42.43083108618956,42.77555900672088,41.98218049927132,42.176029205322266,358140000,0.0,0.0
2023-06-26 00:00:00-04:00,42.42783159494467,42.73059631968799,40.06867574743641,40.60026168823242,594322000,0.0,0.0
2023-06-27 00:00:00-04:00,40.76713004512084,41.907237605323324,40.416406298926006,41.84328842163086,462175000,0.0,0.0
2023-06-28 00:00:00-04:00,40.62824464055819,41.81232053515092,40.48635724932419,41.08488845825195,582639000,0.0,0.0
2023-06-29 00:00:00-04:00,41.52554446221084,41.56751147987797,40.56829241726823,40.79011917114258,380514000,0.0,0.0
2023-06-30 00:00:00-04:00,41.647443251980995,42.51676261089797,41.468582218513255,42.26895523071289,501148000,0.0,0.0
2023-07-03 00:00:00-04:00,42.48378258219759,42.864485450578925,42.169030043008505,42.37986373901367,198209000,0.0,0.0
2023-07-05 00:00:00-04:00,42.102089932908285,43.143275924330226,42.05212974638505,42.28395080566406,323618000,0.0,0.0
2023-07-06 00:00:00-04:00,41.81132135922697,42.146058807449926,41.31370920237291,42.07011795043945,303582000,0.0,0.0
2023-07-07 00:00:00-04:00,42.288940665727566,43.18024602401447,42.14705329030634,42.46979904174805,355881000,0.0,0.0
2023-07-10 00:00:00-04:00,42.623685218893456,42.77756426984942,41.616469261927726,42.147056579589844,353908000,0.0,0.0
2023-07-11 00:00:00-04:00,42.44782043348418,42.72460451753315,42.03414612426581,42.37187957763672,298244000,0.0,0.0
2023-07-12 00:00:00-04:00,42.99938563817074,43.90068146612332,42.74358509464824,43.867706298828125,481277000,0.0,0.0
2023-07-13 00:00:00-04:00,44.48322958682048,46.118948189485444,44.457248919012514,45.94108963012695,478204000,0.0,0.0
2023-07-14 00:00:00-04:00,46.546611323884825,48.05043674269067,45.024802222527654,45.4334831237793,772075000,0.0,0.0
2023-07-17 00:00:00-04:00,46.252842790646994,46.45967801263674,45.22664460524396,46.424705505371094,510488000,0.0,0.0
2023-07-18 00:00:00-04:00,46.664525451589654,47.858591818877,45.698281650417556,47.456905364990234,569164000,0.0,0.0
2023-07-19 00:00:00-04:00,47.426920872593946,47.78064441217516,46.70548479149979,47.04022216796875,427502000,0.0,0.0
2023-07-20 00:00:00-04:00,46.470672206647684,47.05022098399054,45.02680123666584,45.48444366455078,537865000,0.0,0.0
2023-07-21 00:00:00-04:00,45.75223611318822,45.83017811976025,44.06555477681696,44.274391174316406,963769000,0.0,0.0
2023-07-24 00:00:00-04:00,44.6960587806985,45.07376568294936,44.005600454709025,44.577152252197266,382516000,0.0,0.0
2023-07-25 00:00:00-04:00,44.90590321639875,46.14692998888213,44.88791571911896,45.64332580566406,348081000,0.0,0.0
2023-07-26 00:00:00-04:00,45.985052064508444,46.017028562917005,44.59513975878737,45.41649627685547,364237000,0.0,0.0
2023-07-27 00:00:00-04:00,46.48266314205839,47.35797831429428,45.71426283263286,45.8641471862793,455976000,0.0,0.0
2023-07-28 00:00:00-04:00,46.63154522435899,46.99026595538216,46.34477066056632,46.71348190307617,331194000,0.0,0.0
2023-07-31 00:00:00-04:00,46.71747924909827,47.093184983951005,46.4696718790696,46.69249725341797,251055000,0.0,0.0
2023-08-01 00:00:00-04:00,46.42371224639774,46.86337103094522,45.9910517758365,46.47067642211914,237858000,0.0,0.0
2023-08-02 00:00:00-04:00,45.79520091213266,45.80419275361582,43.35310977121058,44.23442077636719,530142000,0.0,0.0
2023-08-03 00:00:00-04:00,43.76579051634056,45.08276192345427,43.76579051634056,44.48023223876953,324176000,0.0,0.0
2023-08-04 00:00:00-04:00,44.94986554244231,45.60635008188567,44.35832886320504,44.645103454589844,362666000,0.0,0.0
2023-08-07 00:00:00-04:00,45.07576998074253,45.50443580088547,44.52819761374418,45.38153076171875,322154000,0.0,0.0
2023-08-08 00:00:00-04:00,44.81796761407976,45.2066637195198,44.0215892371064,44.62911605834961,353843000,0.0,0.0
2023-08-09 00:00:00-04:00,44.23940943500953,44.27738176029839,42.10108190849391,42.520755767822266,586449000,0.0,0.0
2023-08-10 00:00:00-04:00,42.12707396720268,43.53997113311342,41.80232702153618,42.354896545410156,492705000,0.0,0.0
2023-08-11 00:00:00-04:00,41.718385785784754,41.9851793236234,40.607254909066846,40.82308578491211,533085000,0.0,0.0
2023-08-14 00:00:00-04:00,40.45437607089752,43.765786651430616,40.27951352736408,43.71882247924805,690286000,0.0,0.0
2023-08-15 00:00:00-04:00,44.52520013627042,45.2326473732039,43.67586169687328,43.90568161010742,676512000,0.0,0.0
2023-08-16 00:00:00-04:00,44.4852267558164,44.640104468597144,43.37209465339346,43.45203399658203,527451000,0.0,0.0
2023-08-17 00:00:00-04:00,43.93565295261865,44.02758013920778,42.96740814260929,43.310142517089844,452395000,0.0,0.0
2023-08-18 00:00:00-04:00,42.60169211486707,43.543956241722725,41.627455303744846,43.265174865722656,583768000,0.0,0.0
2023-08-21 00:00:00-04:00,44.4592488124891,47.02823995825299,44.1874618900852,46.93031692504883,692573000,0.0,0.0
2023-08-22 00:00:00-04:00,48.09740413737571,48.14936547616456,45.29759440317979,45.63233184814453,755293000,0.0,0.0
2023-08-23 00:00:00-04:00,45.830177068585726,47.1631347697341,45.172690060210584,47.079200744628906,779046000,0.0,0.0
2023-08-24 00:00:00-04:00,50.17677640386691,50.22673658703904,47.12216498787686,47.12615966796875,1156044000,0.0,0.0
2023-08-25 00:00:00-04:00,46.975282602767756,47.76766250313572,44.98883254303396,45.982059478759766,925341000,0.0,0.0
2023-08-28 00:00:00-04:00,46.445698798489914,46.94331098821709,44.85294565969937,46.798423767089844,685192000,0.0,0.0
2023-08-29 00:00:00-04:00,46.62954606851407,49.04266044648469,46.35475936686293,48.74589157104492,701397000,0.0,0.0
2023-08-30 00:00:00-04:00,49.005684108950824,49.8879937040885,48.38716820828765,49.22551345825195,735206000,0.0,0.0
2023-08-31 00:00:00-04:00,49.34143402541549,49.70514814643913,48.9197627338808,49.31645202636719,528570000,0.0,0.0
2023-09-01 00:00:00-04:00,49.723126990372954,49.761095505663796,48.104389789025475,48.47110366821289,463830000,0.0,0.0
2023-09-05 00:00:00-04:00,48.185331532444785,48.81284315295678,47.82261611647607,48.51007843017578,382653000,0.0,0.0
2023-09-06 00:00:00-04:00,48.407143180955465,48.51506558816834,46.54744389944646,47.028106689453125,468670000,0.004,0.0
2023-09-07 00:00:00-04:00,45.4931913383561,46.311619313403384,45.120450870903866,46.20869064331055,433330000,0.0,0.0
2023-09-08 00:00:00-04:00,45.909897697113266,46.57343135473317,45.239365149462806,45.54015350341797,473069000,0.0,0.0
2023-09-11 00:00:00-04:00,46.11575443664463,46.130743345970416,44.28103874415618,45.14643478393555,473966000,0.0,0.0
2023-09-12 00:00:00-04:00,44.70673059385498,45.64107847418229,44.49987453878437,44.83863830566406,349256000,0.0,0.0
2023-09-13 00:00:00-04:00,44.56883283924793,45.89790529019353,44.47190049902718,45.453216552734375,398355000,0.0,0.0
2023-09-14 00:00:00-04:00,45.91789017811765,45.95486307158811,45.099462264257156,45.54914855957031,370097000,0.0,0.0
2023-09-15 00:00:00-04:00,45.309314822834715,45.567133950218214,43.77738515441512,43.86932373046875,506831000,0.0,0.0
2023-09-18 00:00:00-04:00,42.71813237686466,44.211087976394666,41.97065391873253,43.935279846191406,500271000,0.0,0.0
2023-09-19 00:00:00-04:00,43.80237454169073,43.9352810366056,42.97195387152737,43.489593505859375,373064000,0.0,0.0
2023-09-20 00:00:00-04:00,43.5695331686225,43.872322851544475,42.19349643912847,42.2094841003418,367108000,0.0,0.0
2023-09-21 00:00:00-04:00,41.55394101252563,42.07057801307491,40.951361762571175,40.98833465576172,450736000,0.0,0.0
2023-09-22 00:00:00-04:00,41.54295715054649,42.08558090069854,41.20219576342476,41.5809326171875,479236000,0.0,0.0
2023-09-25 00:00:00-04:00,41.561937649909076,42.50627702068914,41.14822547100166,42.19249725341797,419091000,0.0,0.0
2023-09-26 00:00:00-04:00,41.97165495479975,42.79008299471649,41.62589602088143,41.881717681884766,402282000,0.0,0.0
2023-09-27 00:00:00-04:00,42.3004199239516,42.84204096958368,41.59990959746065,42.43832015991211,444935000,0.0,0.0
2023-09-28 00:00:00-04:00,42.430325448929366,43.41563643301945,42.085569148140415,43.05888748168945,424663000,0.0,0.0
2023-09-29 00:00:00-04:00,43.796371119268684,44.11315092531868,43.27673406437453,43.46860122680664,397830000,0.0,0.0
2023-10-02 00:00:00-04:00,43.9992285379224,45.14342881532186,43.83034792394179,44.75070571899414,433298000,0.0,0.0
2023-10-03 00:00:00-04:00,44.77668963515232,45.09846705093091,43.215780788420936,43.48659133911133,470850000,0.0,0.0
2023-10-04 00:00:00-04:00,43.71143255099348,44.112153297816725,43.26174626009731,44.010223388671875,361821000,0.0,0.0
2023-10-05 00:00:00-04:00,44.019221707908876,44.86863010408986,43.85733614690028,44.656776428222656,393483000,0.0,0.0
2023-10-06 00:00:00-04:00,44.16211860779347,45.75700398969615,43.99523549081201,45.73002243041992,434436000,0.0,0.0
2023-10-09 00:00:00-04:00,44.810664938003,45.573132266606365,44.33699712951298,45.241363525390625,409675000,0.0,0.0
2023-10-10 00:00:00-04:00,45.27834086872442,46.22667525132618,45.05649586993077,45.76599884033203,368582000,0.0,0.0
2023-10-11 00:00:00-04:00,46.16372195389678,46.82626072787499,46.01782405573412,46.77329635620117,378137000,0.0,0.0
2023-10-12 00:00:00-04:00,46.74431143305413,47.575730741552675,46.297625211200135,46.912193298339844,481325000,0.0,0.0
2023-10-13 00:00:00-04:00,46.92718670300792,47.0830797443062,45.24836026520754,45.42923355102539,474115000,0.0,0.0
2023-10-16 00:00:00-04:00,45.03151331618372,46.19270015345539,44.88061784699003,46.06279373168945,375099000,0.0,0.0
2023-10-17 00:00:00-04:00,43.96925981519668,44.722734656513275,42.450321291409665,43.90730285644531,812333000,0.0,0.0
2023-10-18 00:00:00-04:00,42.56123210689282,43.18879535339014,41.79576863478219,42.166507720947266,627294000,0.0,0.0
2023-10-19 00:00:00-04:00,42.781089631153165,43.26675013363428,41.85273785103801,42.07158660888672,501233000,0.0,0.0
2023-10-20 00:00:00-04:00,41.860724837875836,42.44032133844881,41.0492920242925,41.35807800292969,477266000,0.0,0.0
2023-10-23 00:00:00-04:00,41.20019083203981,43.217781037891605,40.91638888400306,42.944969177246094,478530000,0.0,0.0
2023-10-24 00:00:00-04:00,43.04689918780669,43.66646488934986,42.66117113532344,43.63248825073242,401463000,0.0,0.0
2023-10-25 00:00:00-04:00,43.36767758718175,43.61950423451798,41.52596674486631,41.74980926513672,398379000,0.0,0.0
2023-10-26 00:00:00-04:00,41.8237544285133,42.22647269652664,39.852133556535904,40.297821044921875,541001000,0.0,0.0
2023-10-27 00:00:00-04:00,41.1012634608965,41.177210573030834,39.987040836148445,40.471702575683594,416784000,0.0,0.0
2023-10-30 00:00:00-04:00,41.05829830740535,41.73682099798971,40.45271885502617,41.13224411010742,388028000,0.0,0.0
2023-10-31 00:00:00-04:00,40.42173556666503,40.85043664876845,39.20258684468398,40.751502990722656,517969000,0.0,0.0
2023-11-01 00:00:00-04:00,40.8554341335007,42.35138985981638,40.840445223590976,42.29542922973633,437593000,0.0,0.0
2023-11-02 00:00:00-04:00,43.297724168934685,43.85333542629518,42.864029312260996,43.47560119628906,409172000,0.0,0.0
2023-11-03 00:00:00-04:00,43.989240387189966,45.27733731815709,43.69244703893823,44.97355270385742,424610000,0.0,0.0
2023-11-06 00:00:00-05:00,45.253362063663495,45.90290947432144,44.86763015180242,45.71903610229492,400733000,0.0,0.0
2023-11-07 00:00:00-05:00,45.687054558944546,46.18570260804149,45.12644574728523,45.922889709472656,343165000,0.0,0.0
2023-11-08 00:00:00-05:00,46.06778272127609,46.834248828049994,45.93587499644732,46.54145431518555,346719000,0.0,0.0
2023-11-09 00:00:00-05:00,47.43382754729244,48.19629482563236,46.71732955595706,46.91719055175781,540496000,0.0,0.0
2023-11-10 00:00:00-05:00,47.466808147596865,48.43812905946533,47.24996072733801,48.30122375488281,421245000,0.0,0.0
2023-11-13 00:00:00-05:00,48.28623183718149,49.081676995363466,48.06538560948801,48.586021423339844,384136000,0.0,0.0
2023-11-14 00:00:00-05:00,49.64529267982374,49.799184420857124,49.005740408913326,49.621307373046875,416954000,0.0,0.0
2023-11-15 00:00:00-05:00,49.9001052683663,49.92508551038347,48.166317129461184,48.85383605957031,475497000,0.0,0.0
2023-11-16 00:00:00-05:00,48.644984172997816,49.49039366266599,48.29622902861317,49.4454231262207,339756000,0.0,0.0
2023-11-17 00:00:00-05:00,49.48938979715289,49.6822557173945,48.972752795957,49.2635498046875,325205000,0.0,0.0
2023-11-20 00:00:00-05:00,49.27754565599921,50.512682115669016,49.14663666812377,50.373779296875,414120000,0.0,0.0
2023-11-21 00:00:00-05:00,50.090971605091276,50.48169721701578,49.187603987551,49.90909957885742,565747000,0.0,0.0
2023-11-22 00:00:00-05:00,49.817161099137216,50.29982144046333,47.65666949538865,48.68195343017578,899420000,0.0,0.0
2023-11-24 00:00:00-05:00,48.436126147509995,48.88681116276577,47.71163055365719,47.742610931396484,294645000,0.0,0.0
2023-11-27 00:00:00-05:00,47.766597618423056,48.49608705256933,47.6187022270162,48.208290100097656,395662000,0.0,0.0
2023-11-28 00:00:00-05:00,48.202293315261734,48.289234319970646,47.439826002688484,47.78758239746094,401491000,0.0,0.0
2023-11-29 00:00:00-05:00,48.34519277962711,48.72792454719917,47.82655446752382,48.10635757446289,382005000,0.0,0.0
2023-11-30 00:00:00-05:00,47.990445435742124,48.076387698516726,46.389567324354005,46.73732376098633,526247000,0.0,0.0
2023-12-01 00:00:00-05:00,46.49250011607089,47.16702781253812,46.15473498557714,46.732330322265625,369317000,0.0,0.0
2023-12-04 00:00:00-05:00,46.04480030339198,46.04480030339198,44.97854459860675,45.47819519042969,437543000,0.0,0.0
2023-12-05 00:00:00-05:00,45.43822164958941,46.57152769132749,45.24334109197845,46.53755187988281,371718000,0.004,0.0
2023-12-06 00:00:00-05:00,47.18615659482553,47.358052404807324,45.3842566412969,45.47520065307617,380590000,0.0,0.0
2023-12-07 00:00:00-05:00,45.67208285394523,46.60051618631754,45.57614082890342,46.567535400390625,350823000,0.0,0.0
2023-12-08 00:00:00-05:00,46.566535548739374,47.71183534651791,46.52156105756746,47.47697830200195,359224000,0.0,0.0
2023-12-11 00:00:00-05:00,47.46199285274284,47.50196552269277,45.80200812005124,46.59851837158203,509728000,0.0,0.0
2023-12-12 00:00:00-05:00,46.017875514105,47.6368849146668,46.017875514105,47.627891540527344,372387000,0.0,0.0
2023-12-13 00:00:00-05:00,47.59990503689136,48.56431567041087,47.5789179572985,48.058624267578125,447792000,0.0,0.0
2023-12-14 00:00:00-05:00,48.36043775200682,48.6402654789673,47.39303060139569,48.32046127319336,391232000,0.0,0.0
2023-12-15 00:00:00-05:00,48.164556381448534,49.373816223552424,48.09060027989247,48.860130310058594,479948000,0.0,0.0
2023-12-18 00:00:00-05:00,49.36982501987744,50.402191134156865,49.11997773498407,50.046409606933594,412587000,0.0,0.0
2023-12-19 00:00:00-05:00,49.39380199579273,49.66963433728467,48.86512588284418,49.573692321777344,464444000,0.0,0.0
2023-12-20 00:00:00-05:00,49.62466720561467,49.96845884341608,48.06861908632006,48.08161163330078,397894000,0.0,0.0
2023-12-21 00:00:00-05:00,48.781180068606574,49.06500695718709,48.389417453965386,48.9600715637207,300425000,0.0,0.0
2023-12-22 00:00:00-05:00,49.16494577989552,49.352830653569725,48.43738988482299,48.8001708984375,252507000,0.0,0.0
2023-12-26 00:00:00-05:00,48.938086701471754,49.56970061762821,48.930092167702746,49.248897552490234,244200000,0.0,0.0
2023-12-27 00:00:00-05:00,49.480758467753716,49.64965395545636,49.05501618312312,49.38681411743164,233648000,0.0,0.0
2023-12-28 00:00:00-05:00,49.6126770927999,49.85352719386826,49.38181539341571,49.49174880981445,246587000,0.0,0.0
2023-12-29 00:00:00-05:00,49.7825714182401,49.96646094313931,48.72121986722186,49.49174880981445,389293000,0.0,0.0
2024-01-02 00:00:00-05:00,49.213911661432995,49.26487918925224,47.565920930034586,48.13856887817383,411254000,0.0,0.0
2024-01-03 00:00:00-05:00,47.4559877548122,48.15455817196312,47.291087653176916,47.53993606567383,320896000,0.0,0.0
2024-01-04 00:00:00-05:00,47.73781584044559,48.47036973426666,47.478975200634494,47.96867752075195,306535000,0.0,0.0
2024-01-05 00:00:00-05:00,48.43239477719924,49.516731000212985,48.27648803927744,49.0670051574707,415039000,0.0,0.0
2024-01-08 00:00:00-05:00,49.48176135689829,52.24307433001581,49.44878056633185,52.22108459472656,642510000,0.0,0.0
2024-01-09 00:00:00-05:00,52.36899311649789,54.29181767502081,51.65842506490768,53.107540130615234,773100000,0.0,0.0
2024-01-10 00:00:00-05:00,53.58325017590931,54.56664645309511,53.45632503855136,54.31679916381836,533796000,0.0,0.0
2024-01-11 00:00:00-05:00,54.965395542446196,55.312183643545765,53.52727561107459,54.78850173950195,596759000,0.0,0.0
2024-01-12 00:00:00-05:00,54.58662953889082,54.93641799826661,54.29680960809761,54.67657470703125,352994000,0.0,0.0
2024-01-16 00:00:00-05:00,54.984391900558016,56.800279452629056,54.86646395445467,56.347557067871094,449580000,0.0,0.0
2024-01-17 00:00:00-05:00,56.31258364108571,56.436508451453484,54.70656674452563,56.01876449584961,474394000,0.0,0.0
2024-01-18 00:00:00-05:00,57.225019450786334,57.5648119047759,56.07272391506558,57.072113037109375,491650000,0.0,0.0
2024-01-19 00:00:00-05:00,57.95357707318065,59.46365569707979,57.190043807244585,59.45466232299805,543501000,0.0,0.0
2024-01-22 00:00:00-05:00,60.01231668308295,60.29414590763177,59.03391464914335,59.617557525634766,452955000,0.0,0.0
2024-01-23 00:00:00-05:00,59.53360947543731,59.8734019281728,58.549210583878605,59.83642578125,294654000,0.0,0.0
2024-01-24 00:00:00-05:00,60.2671639217423,62.81060746868792,59.90138636580081,61.32451629638672,560271000,0.0,0.0
2024-01-25 00:00:00-05:00,62.3119072339738,62.680685096135214,60.81282362309359,61.5793571472168,482777000,0.0,0.0
2024-01-26 00:00:00-05:00,60.92276141821586,61.74526054571479,60.53600059416135,60.993717193603516,390309000,0.0,0.0
2024-01-29 00:00:00-05:00,61.1945932389414,62.450825336358335,60.869794823781135,62.426841735839844,348733000,0.0,0.0
2024-01-30 00:00:00-05:00,62.861575397836866,63.45421163481392,62.221963176710254,62.73564910888672,410735000,0.0,0.0
2024-01-31 00:00:00-05:00,61.40246556305648,62.230961514394274,60.66291975637589,61.48941421508789,453795000,0.0,0.0
2024-02-01 00:00:00-05:00,62.06205550152998,63.15239231863236,61.61233350050668,62.98849105834961,369146000,0.0,0.0
2024-02-02 00:00:00-05:00,63.93491403332179,66.55930912654547,63.65108714697043,66.11958312988281,476578000,0.0,0.0
2024-02-05 00:00:00-05:00,68.18331639891433,69.45454244217241,67.16394292298222,69.28964233398438,680078000,0.0,0.0
2024-02-06 00:00:00-05:00,69.58745829595591,69.71138308978904,66.25949848302591,68.18132019042969,683111000,0.0,0.0
2024-02-07 00:00:00-05:00,68.2772638618389,70.17710350841662,67.5587013332111,70.0561752319336,495575000,0.0,0.0
2024-02-08 00:00:00-05:00,70.03118381151026,70.75074512715133,69.412566337875,69.59844970703125,414422000,0.0,0.0
2024-02-09 00:00:00-05:00,70.48991468195457,72.14090604638328,70.16911160679686,72.08894348144531,436637000,0.0,0.0
2024-02-12 00:00:00-05:00,72.55565505937633,74.5654283449227,71.20648115197012,72.20387268066406,613710000,0.0,0.0
2024-02-13 00:00:00-05:00,70.35700477469595,73.40513741451034,69.57748237910234,72.08394622802734,602580000,0.0,0.0
2024-02-14 00:00:00-05:00,73.15728673605686,74.19065168292555,71.89405893388704,73.8548583984375,504917000,0.0,0.0
2024-02-15 00:00:00-05:00,73.82387565740021,73.92980608164119,72.35577132172895,72.61360931396484,420122000,0.0,0.0
2024-02-16 00:00:00-05:00,74.05472502125532,74.35654245789623,72.45670295069786,72.56863403320312,495327000,0.0,0.0
2024-02-20 00:00:00-05:00,71.90304738257117,71.91204456852859,67.69262359545532,69.40957641601562,704833000,0.0,0.0
2024-02-21 00:00:00-05:00,67.96444884340175,68.84591377259603,66.20752727493073,67.43077850341797,673755000,0.0,0.0
2024-02-22 00:00:00-05:00,74.97916646287784,78.52699308470093,74.17465795695503,78.49002075195312,865100000,0.0,0.0
2024-02-23 00:00:00-05:00,80.74065432651751,82.34367088132632,77.52261988480991,78.76885986328125,829388000,0.0,0.0
2024-02-26 00:00:00-05:00,79.6513162598183,80.59674521460998,78.45704646976243,79.04369354248047,503973000,0.0,0.0
2024-02-27 00:00:00-05:00,79.33249313493509,79.43143929248194,77.11485484949267,78.65290832519531,391705000,0.0,0.0
2024-02-28 00:00:00-05:00,77.57258181183745,78.88477556464643,77.07788148076835,77.61555480957031,393110000,0.0,0.0
2024-02-29 00:00:00-05:00,79.0456805510973,79.94112925032395,78.3021317921465,79.06366729736328,507289000,0.0,0.0
2024-03-01 00:00:00-05:00,79.95112232187887,82.24972013852617,79.38646508056598,82.22872924804688,479135000,0.0,0.0
2024-03-04 00:00:00-05:00,84.07858783416306,87.64141180521226,83.66784349827213,85.1849136352539,615616000,0.0,0.0
2024-03-05 00:00:00-05:00,85.22191083370436,86.04844794548417,83.36995895717057,85.91551971435547,520639000,0.004,0.0
2024-03-06 00:00:00-05:00,87.97236718689258,89.67340327370732,86.98092218791462,88.64997863769531,582520000,0.0,0.0
2024-03-07 00:00:00-05:00,90.10715187632745,92.7146816709082,89.55146568055456,92.61673736572266,608119000,0.0,0.0
2024-03-08 00:00:00-05:00,95.0843299936833,97.34505496163638,86.45719580850812,87.47862243652344,1142269000,0.0,0.0
2024-03-11 00:00:00-04:00,86.3802534333582,88.74691405918401,84.11852931570184,85.72562408447266,678364000,0.0,0.0
2024-03-12 00:00:00-04:00,87.99934858682109,91.90813847414768,86.10141744907258,91.86116790771484,668075000,0.0,0.0
2024-03-13 00:00:00-04:00,91.00362892663239,91.45237310893827,88.38510433229271,90.83672332763672,635713000,0.0,0.0
2024-03-14 00:00:00-04:00,89.52647603225017,90.5948732884495,86.55115025815236,87.89439392089844,602318000,0.0,0.0
2024-03-15 00:00:00-04:00,86.88097416830968,89.49549613199862,86.20835719890029,87.78746032714844,642086000,0.0,0.0
2024-03-18 00:00:00-04:00,90.33702166642148,92.3528823706334,87.03588315502401,88.40511322021484,668976000,0.0,0.0
2024-03-19 00:00:00-04:00,86.65108862208871,90.49292195267432,84.96204715287253,89.34757232666016,672171000,0.0,0.0
2024-03-20 00:00:00-04:00,89.74635698272712,90.35901787579786,88.17324712477493,90.32103729248047,479063000,0.0,0.0
2024-03-21 00:00:00-04:00,92.2479404308415,92.59574371140432,90.3540050520513,91.3834228515625,480372000,0.0,0.0
2024-03-22 00:00:00-04:00,91.0895826139038,94.72453187599703,90.78275659770236,94.23580932617188,586719000,0.0,0.0
2024-03-25 00:00:00-04:00,93.88801151365493,96.71141493346599,93.45725487677139,94.94841003417969,552136000,0.0,0.0
2024-03-26 00:00:00-04:00,95.79694219210086,96.32064875325118,92.44983185631351,92.50879669189453,513648000,0.0,0.0
2024-03-27 00:00:00-04:00,93.05948982143728,93.1874159899472,89.07274096879794,90.19910430908203,586067000,0.0,0.0
2024-03-28 00:00:00-04:00,89.9492364441801,91.24850624285476,89.14269241707345,90.30503845214844,435212000,0.0,0.0
2024-04-01 00:00:00-04:00,90.24807533872301,92.1729839586744,89.15369169415271,90.3120346069336,452441000,0.0,0.0
2024-04-02 00:00:00-04:00,88.39811114522563,90.04318648075638,87.57058285516493,89.40155029296875,433064000,0.0,0.0
2024-04-03 00:00:00-04:00,88.43410095294554,90.32303448482294,88.35014869042175,88.91382598876953,370067000,0.0,0.0
2024-04-04 00:00:00-04:00,90.35499714995936,90.58287298050408,85.83154944356146,85.85653686523438,434965000,0.0,0.0
2024-04-05 00:00:00-04:00,86.81700456921507,88.4310991932804,85.87753991776991,87.95836639404297,399678000,0.0,0.0
2024-04-08 00:00:00-04:00,88.64996450448324,88.77989605626742,86.68307988880372,87.08385467529297,283220000,0.0,0.0
2024-04-09 00:00:00-04:00,87.39267436773328,87.58556628736338,82.97516956737525,85.30584716796875,501700000,0.0,0.0
2024-04-10 00:00:00-04:00,83.87867062101493,87.35071040768491,83.66179013581636,86.98991394042969,431929000,0.0,0.0
2024-04-11 00:00:00-04:00,87.37069146521046,90.687819723934,86.87697442257391,90.56488800048828,431637000,0.0,0.0
2024-04-12 00:00:00-04:00,89.64840815742117,90.1241452492344,87.48063273280795,88.13626098632812,426805000,0.0,0.0
2024-04-15 00:00:00-04:00,89.0477450616577,90.56188993656951,85.8805337738884,85.9524917602539,443077000,0.0,0.0
2024-04-16 00:00:00-04:00,86.38424380509475,88.06829089560239,86.01545628049773,87.36569213867188,370453000,0.0,0.0
2024-04-17 00:00:00-04:00,88.29016660250515,88.72492641813315,83.90264346955806,83.98760223388672,495400000,0.0,0.0
2024-04-18 00:00:00-04:00,84.92206489691038,86.14137784678024,82.3555128561398,84.62322998046875,447260000,0.0,0.0
2024-04-19 00:00:00-04:00,83.10310538210794,84.27643922651326,75.56336143765269,76.15702056884766,875198000,0.0,0.0
2024-04-22 00:00:00-04:00,78.05993315947777,80.02782409829473,76.35689973345642,79.47313690185547,596341000,0.0,0.0
2024-04-23 00:00:00-04:00,80.7234366574032,82.72230848851257,80.21872426508081,82.37650299072266,438559000,0.0,0.0
2024-04-24 00:00:00-04:00,83.90265792111582,84.03458726895308,79.13834771907712,79.63207244873047,512208000,0.0,0.0
2024-04-25 00:00:00-04:00,78.82351130528671,83.27600032547527,78.17887846781115,82.58539581298828,424641000,0.0,0.0
2024-04-26 00:00:00-04:00,83.7707330936579,88.28118855401848,83.3399763925944,87.6855239868164,551011000,0.0,0.0
2024-04-29 00:00:00-04:00,87.54560070216142,87.94237235498613,85.21791179771557,87.70751190185547,388971000,0.0,0.0
2024-04-30 00:00:00-04:00,87.19078860426956,88.76890032049818,86.25132401291081,86.35326385498047,363709000,0.0,0.0
2024-05-01 00:00:00-04:00,85.02900264492887,85.9514784070707,81.20915281271795,82.99414825439453,559863000,0.0,0.0
2024-05-02 00:00:00-04:00,84.40136817425811,86.18836175340402,83.15307206256357,85.76860046386719,377898000,0.0,0.0
2024-05-03 00:00:00-04:00,87.73948614559522,89.23064138508623,86.99090805240313,88.73892211914062,398341000,0.0,0.0
2024-05-06 00:00:00-04:00,89.33958648937698,92.16799229625614,89.00477633292259,92.0880355834961,376203000,0.0,0.0
2024-05-07 00:00:00-04:00,91.04661392300342,91.72922732116892,88.96079315014337,90.50292205810547,437342000,0.0,0.0
2024-05-08 00:00:00-04:00,89.43253081814441,91.14256430274753,89.36956281384657,90.36100769042969,325721000,0.0,0.0
2024-05-09 00:00:00-04:00,90.47793776117966,91.0206307579062,88.18123739175036,88.69694519042969,378013000,0.0,0.0
2024-05-10 00:00:00-04:00,90.25407745154659,91.34946008980582,89.17668240608715,89.82731628417969,335325000,0.0,0.0
2024-05-13 00:00:00-04:00,90.42696502755186,90.94667600491073,88.47906681215352,90.34801483154297,289680000,0.0,0.0
2024-05-14 00:00:00-04:00,89.5484686052902,91.5993133075769,88.88384272491611,91.30448150634766,296507000,0.0,0.0
2024-05-15 00:00:00-04:00,92.41985698865427,94.8085087048786,91.54734815808854,94.5766372680664,417735000,0.0,0.0
2024-05-16 00:00:00-04:00,94.8564855639332,95.76496957862231,94.0499337850962,94.30579376220703,323952000,0.0,0.0
2024-05-17 00:00:00-04:00,94.31577507944353,94.68656039026546,91.75421718471637,92.42683410644531,359691000,0.0,0.0
2024-05-20 00:00:00-04:00,93.69712178712975,95.14630088740084,93.38729907778286,94.7265396118164,318764000,0.0,0.0
2024-05-21 00:00:00-04:00,93.5462119787617,95.34619876949091,93.1274495632841,95.33220672607422,328946000,0.0,0.0
2024-05-22 00:00:00-04:00,95.40515417154504,95.96583473980165,93.19640167904086,94.89643859863281,548648000,0.0,0.0
2024-05-23 00:00:00-04:00,101.9704583406549,106.26003756449907,101.46274160839002,103.74046325683594,835065000,0.0,0.0
2024-05-24 00:00:00-04:00,104.39008586204577,106.41494412748668,102.94190563238328,106.40895080566406,429494000,0.0,0.0
2024-05-28 00:00:00-04:00,110.18181893492428,114.87417036274923,109.82102250000426,113.83675384521484,652728000,0.0,0.0
2024-05-29 00:00:00-04:00,112.98623077828327,115.42684694644582,110.83844096973402,114.76022338867188,557442000,0.0,0.0
2024-05-30 00:00:00-04:00,114.58532839037406,115.75366768594493,109.60114200461162,110.43766784667969,484553000,0.0,0.0
2024-05-31 00:00:00-04:00,112.45651639047965,112.65341147133279,106.87967024651522,109.57115173339844,613263000,0.0,0.0
2024-06-03 00:00:00-04:00,113.55691490102478,114.93513488769531,111.93982368190672,114.93513488769531,438392000,0.0,0.0
2024-06-04 00:00:00-04:00,115.65073625073813,116.53423270815343,113.98067349692546,116.37132263183594,403324000,0.0,0.0
2024-06-05 00:00:00-04:00,118.30424338003813,122.37993877462908,117.40175277551737,122.3709487915039,528402000,0.0,0.0
2024-06-06 00:00:00-04:00,123.97803133753258,125.51616477932996,118.25326519915947,120.92975616455078,664696000,0.0,0.0
2024-06-07 00:00:00-04:00,119.70245088550641,121.62337164710611,117.95544321860926,120.81982421875,412386000,0.0,0.0
2024-06-10 00:00:00-04:00,120.30210862140808,123.0305645078952,116.94400320335374,121.72130584716797,313434100,0.0,10.0
2024-06-11 00:00:00-04:00,121.71130116510221,122.8107770445414,118.68276290343272,120.85172271728516,222551200,0.01,0.0
2024-06-12 00:00:00-04:00,123.00070306062463,126.81886214949532,122.51094129451408,125.1396713256836,299595000,0.0,0.0
2024-06-13 00:00:00-04:00,129.32763594350715,129.7374419918796,127.09871503024357,129.5475311279297,260704500,0.0,0.0
2024-06-14 00:00:00-04:00,129.89737910282292,132.7759808624214,128.2581700274141,131.8164520263672,309320400,0.0,0.0
2024-06-17 00:00:00-04:00,132.92592665460285,133.66556033801308,129.5175660413327,130.91688537597656,288504400,0.0,0.0
2024-06-18 00:00:00-04:00,131.07678620278367,136.26428691629846,130.62700616579136,135.5146484375,294335100,0.0,0.0
2024-06-20 00:00:00-04:00,139.73263779444994,140.69216665961412,129.45759262565218,130.71697998046875,517768400,0.0,0.0
2024-06-21 00:00:00-04:00,127.05874067811743,130.5670512631637,124.24010000634735,126.50900268554688,649445800,0.0,0.0
2024-06-24 00:00:00-04:00,123.18059459700767,124.40000776140424,117.98310411428992,118.05307006835938,476060900,0.0,0.0
2024-06-25 00:00:00-04:00,121.14159285282038,126.43904192857353,119.2625015362155,126.02923583984375,414192600,0.0,0.0
2024-06-26 00:00:00-04:00,126.06921428451571,128.0582531537486,122.54091663746888,126.3390884399414,362975900,0.0,0.0
2024-06-27 00:00:00-04:00,124.0402073168441,126.34909954846492,122.8607755337046,123.93025970458984,252571700,0.0,0.0
2024-06-28 00:00:00-04:00,124.51997619753142,127.6484653431849,122.6908561052602,123.48047637939453,315516700,0.0,0.0
2024-07-01 00:00:00-04:00,123.41049523168472,124.77983008392047,118.77273207553426,124.24009704589844,284885500,0.0,0.0
2024-07-02 00:00:00-04:00,121.07161173714522,123.35051916660527,120.97166146299664,122.61087036132812,218374000,0.0,0.0
2024-07-03 00:00:00-04:00,121.60136576540062,128.21817016601562,121.30150730962696,128.21817016601562,215749000,0.0,0.0
2024-07-05 00:00:00-04:00,127.31861187118912,128.78791231292527,125.61943416430904,125.76936340332031,214176700,0.0,0.0
2024-07-08 00:00:00-04:00,127.42854201917729,130.70696731901708,126.9787619894619,128.13819885253906,237677300,0.0,0.0
2024-07-09 00:00:00-04:00,130.28719371816868,133.7555228326683,128.58800070420872,131.3166961669922,285366600,0.0,0.0
2024-07-10 00:00:00-04:00,133.965420342518,135.03491211498738,132.35619546389498,134.84500122070312,248978600,0.0,0.0
2024-07-11 00:00:00-04:00,135.6845824191085,136.0843835595481,126.98877797734232,127.33860778808594,374782700,0.0,0.0
2024-07-12 00:00:00-04:00,128.1981955828636,131.85643576222122,127.15870339191848,129.177734375,252680500,0.0,0.0
2024-07-15 00:00:00-04:00,130.49708637675548,131.32668826604316,127.11871779694197,128.37811279296875,208326200,0.0,0.0
2024-07-16 00:00:00-04:00,128.3781021800115,128.97780386568002,124.51996185494663,126.29910278320312,214769500,0.0,0.0
2024-07-17 00:00:00-04:00,121.29151734126509,121.7912763806817,116.66375138152577,117.93313598632812,390086200,0.0,0.0
2024-07-18 00:00:00-04:00,121.79127496540796,122.34101295266511,116.50382347473696,121.0316390991211,320979500,0.0,0.0
2024-07-19 00:00:00-04:00,120.29200089882109,121.54139851435873,117.31344125378135,117.8731689453125,217223800,0.0,0.0
2024-07-22 00:00:00-04:00,120.29201095769186,124.01021979256501,119.80224918664801,123.48047637939453,258068900,0.0,0.0
2024-07-23 00:00:00-04:00,122.72082517670732,124.62990831594026,122.04115259647224,122.53091430664062,173911000,0.0,0.0
2024-07-24 00:00:00-04:00,119.11258161370083,119.89220458663964,113.38534661974653,114.19495391845703,327776900,0.0,0.0
2024-07-25 00:00:00-04:00,112.98551932388845,116.57378540069556,106.24876991914482,112.22588348388672,460067000,0.0,0.0
2024-07-26 00:00:00-04:00,116.13399696280182,116.14398665212225,111.52621844802754,113.00550079345703,293399100,0.0,0.0
2024-07-29 00:00:00-04:00,113.63521853690591,116.2239668309142,111.24637081842914,111.53622436523438,248152100,0.0,0.0
2024-07-30 00:00:00-04:00,111.46624662712419,111.93602131829121,102.49057904635741,103.68000793457031,486833300,0.0,0.0
2024-07-31 00:00:00-04:00,112.84559062727486,118.28296369436077,110.82655987338046,116.9636001586914,473174200,0.0,0.0
2024-08-01 00:00:00-04:00,117.47335365334001,120.10209097077005,106.75851907796755,109.15736389160156,523462300,0.0,0.0
2024-08-02 00:00:00-04:00,103.70999693537759,108.66760564065457,101.32114936142939,107.21829986572266,482027500,0.0,0.0
2024-08-05 00:00:00-04:00,92.0156323292122,103.36016867781126,90.6462974352404,100.4015884399414,552842400,0.0,0.0
2024-08-06 00:00:00-04:00,103.78996196090817,107.65809998114993,100.50155392872522,104.19976806640625,409012100,0.0,0.0
2024-08-07 00:00:00-04:00,107.7580481751046,108.74757662368853,98.64244762367623,98.86234283447266,411440400,0.0,0.0
2024-08-08 00:00:00-04:00,101.95084829679239,105.44916171874115,97.47300376138202,104.91941833496094,391910000,0.0,0.0
2024-08-09 00:00:00-04:00,105.58908675557784,106.54862317361375,103.38015276837264,104.69951629638672,290844200,0.0,0.0
2024-08-12 00:00:00-04:00,106.26876479464013,111.01647580125626,106.20879614847053,108.96746063232422,325559900,0.0,0.0
2024-08-13 00:00:00-04:00,112.38580888904526,116.1739831093698,111.52622277964618,116.08402252197266,312646700,0.0,0.0
2024-08-14 00:00:00-04:00,118.4728819117515,118.54284787534027,114.0150319977807,118.02310180664062,339246400,0.0,0.0
2024-08-15 00:00:00-04:00,118.70277375276062,123.180610648127,117.41339446628129,122.80079650878906,318086700,0.0,0.0
2024-08-16 00:00:00-04:00,121.88122402888025,124.93974658505293,121.12158823444238,124.51995086669922,302589900,0.0,0.0
2024-08-19 00:00:00-04:00,124.22010290586175,129.93734741210938,123.36051676677039,129.93734741210938,318333600,0.0,0.0
2024-08-20 00:00:00-04:00,128.33812230971984,129.81742012912812,125.82933728380516,127.18868255615234,300087400,0.0,0.0
2024-08-21 00:00:00-04:00,127.2586178970324,129.2876456264653,126.59894005268639,128.43804931640625,257883600,0.0,0.0
2024-08-22 00:00:00-04:00,129.9573385201996,130.68698241163722,123.04066795762931,123.68035888671875,376189100,0.0,0.0
2024-08-23 00:00:00-04:00,125.79932992863567,129.53753255606168,125.15963905002394,129.30763244628906,323230300,0.0,0.0
2024-08-26 00:00:00-04:00,129.50755712849073,131.196729770517,124.31005885081005,126.3990478515625,331964700,0.0,0.0
2024-08-27 00:00:00-04:00,124.98974063480068,129.1377346219971,123.82029866993177,128.23817443847656,303134600,0.0,0.0
2024-08-28 00:00:00-04:00,128.05825393148814,128.26815944285755,122.580899020736,125.54946899414062,448101100,0.0,0.0
2024-08-29 00:00:00-04:00,121.30150468369611,124.37002462838785,116.65374447412273,117.53331756591797,453023300,0.0,0.0
2024-08-30 00:00:00-04:00,119.47238840117339,121.69131963851615,117.16350420185492,119.31246948242188,333751600,0.0,0.0
2024-09-03 00:00:00-04:00,115.95409419910477,116.15399476413343,107.238295351223,107.94795227050781,477155100,0.0,0.0
2024-09-04 00:00:00-04:00,105.3592035946603,113.21540862229497,104.06982436712501,106.1588134765625,372470300,0.0,0.0
2024-09-05 00:00:00-04:00,104.93940893047393,109.59716719188593,104.70952402528704,107.15834045410156,306850700,0.0,0.0
2024-09-06 00:00:00-04:00,107.98793734308131,108.09788494505915,100.90134998938433,102.78044891357422,413638100,0.0,0.0
2024-09-09 00:00:00-04:00,104.82945579489092,106.4986568208146,103.64003443897201,106.41869354248047,273912000,0.0,0.0
2024-09-10 00:00:00-04:00,107.75803619556127,109.34727382600163,104.89941402443941,108.04789733886719,268283700,0.0,0.0
2024-09-11 00:00:00-04:00,109.33728760654503,117.13353206911404,107.36823567076411,116.85366821289062,441422400,0.0,0.0
2024-09-12 00:00:00-04:00,116.79368208487448,120.7421209186122,115.33426173002456,119.0927734375,366052700,0.01,0.0
2024-09-13 00:00:00-04:00,119.03279143615939,119.91243980632909,117.55337484057826,119.05278015136719,238358300,0.0,0.0
2024-09-16 00:00:00-04:00,116.74370178435876,118.13315013570288,114.31466480568342,116.73370361328125,248772300,0.0,0.0
2024-09-17 00:00:00-04:00,118.12315326201993,118.75290839853001,114.78448096424103,115.54417419433594,231925900,0.0,0.0
2024-09-18 00:00:00-04:00,115.84404779202798,117.65332766764698,113.17510830529987,113.3250503540039,310318900,0.0,0.0
2024-09-19 00:00:00-04:00,117.30347459042382,119.6125639674696,117.2035157611041,117.82327270507812,293506400,0.0,0.0
2024-09-20 00:00:00-04:00,117.01359501507952,118.57298181753792,115.3442588328446,115.95401763916016,382462400,0.0,0.0
2024-09-23 00:00:00-04:00,116.50379891378353,116.94361929782039,114.81446644323901,116.21391296386719,206228500,0.0,0.0
2024-09-24 00:00:00-04:00,116.47380837806097,121.75172180406905,115.33426088161053,120.82209014892578,354966800,0.0,0.0
2024-09-25 00:00:00-04:00,121.97162190060216,124.89047006468225,121.5617884105282,123.4610366821289,284692900,0.0,0.0
2024-09-26 00:00:00-04:00,126.7497296956914,127.61937987933592,121.75171208350119,123.9908218383789,302582900,0.0,0.0
2024-09-27 00:00:00-04:00,123.92085618310571,123.98082995705606,119.21272426875333,121.35187530517578,271009200,0.0,0.0
2024-09-30 00:00:00-04:00,118.26310431441512,121.451842369324,118.10317169758383,121.3918685913086,226553700,0.0,0.0
2024-10-01 00:00:00-04:00,121.72171877480598,122.39145893750027,115.74409392230913,116.95361328125,302094500,0.0,0.0
2024-10-02 00:00:00-04:00,116.39383876517695,119.33266799005563,115.09435111120959,118.8028793334961,221845900,0.0,0.0
2024-10-03 00:00:00-04:00,120.87206480654892,124.31070361178112,120.29229289145833,122.80130004882812,277118000,0.0,0.0
2024-10-04 00:00:00-04:00,124.89047211115172,124.99043094258552,121.78170440742984,124.87047576904297,243678100,0.0,0.0
2024-10-07 00:00:00-04:00,124.94044391837012,130.58820542607234,124.90045886173723,127.66936492919922,346250200,0.0,0.0
2024-10-08 00:00:00-04:00,130.20834865989482,133.42707320550807,129.36868536610157,132.83731079101562,285722500,0.0,0.0
2024-10-09 00:00:00-04:00,134.05682465722603,134.46666574879316,131.3279114002274,132.59739685058594,246191600,0.0,0.0
2024-10-10 00:00:00-04:00,131.85770195813822,134.94647312682827,130.94805910825556,134.7565460205078,242311300,0.0,0.0
2024-10-11 00:00:00-04:00,133.9568713960576,135.72617401836632,133.60701929174726,134.74656677246094,170209500,0.0,0.0
2024-10-14 00:00:00-04:00,136.4159022137037,139.54466630986312,136.24597143489578,138.01527404785156,232347700,0.0,0.0
2024-10-15 00:00:00-04:00,137.8153397242487,138.5150744275185,128.68896947491228,131.54783630371094,377831000,0.0,0.0
2024-10-16 00:00:00-04:00,133.92688301499192,136.56583584893667,131.527840530584,135.66619873046875,264879700,0.0,0.0
2024-10-17 00:00:00-04:00,139.28476556198524,140.83415423256426,136.81574338597488,136.87571716308594,306435900,0.0,0.0
2024-10-18 00:00:00-04:00,138.61502982502418,138.8449343829922,137.22558142668973,137.94529724121094,176090200,0.0,0.0
2024-10-21 00:00:00-04:00,138.07524085271365,143.6530303955078,137.94528751258602,143.6530303955078,264554500,0.0,0.0
2024-10-22 00:00:00-04:00,142.85335791004843,144.3627538949317,141.72380093133486,143.5330810546875,226311600,0.0,0.0
2024-10-23 00:00:00-04:00,141.97369118156848,142.37352650102258,137.40551088320953,139.50466918945312,285930000,0.0,0.0
2024-10-24 00:00:00-04:00,140.76418072009866,141.293969386979,138.40511570705533,140.35433959960938,172354900,0.0,0.0
2024-10-25 00:00:00-04:00,140.8741279131319,144.0728716327459,140.74418981710016,141.48388671875,205122100,0.0,0.0
2024-10-28 00:00:00-04:00,142.9433224828564,143.08326638426843,139.99449475491215,140.4643096923828,173586700,0.0,0.0
2024-10-29 00:00:00-04:00,140.23437413304583,142.20359433012132,138.8449258203989,141.19400024414062,157593600,0.0,0.0
2024-10-30 00:00:00-04:00,139.48467718743143,140.27437255912164,136.75576367804047,139.28475952148438,179418100,0.0,0.0
2024-10-31 00:00:00-04:00,137.54545990469654,137.55545044959692,132.05763071180766,132.70736694335938,270039600,0.0,0.0
2024-11-01 00:00:00-04:00,134.64660922766117,137.25557537634637,134.5166711244238,135.34632873535156,207127800,0.0,0.0
2024-11-04 00:00:00-05:00,137.15562237613318,138.90492874894582,135.51627301400697,135.99607849121094,187528200,0.0,0.0
2024-11-05 00:00:00-05:00,137.39550649112996,140.31434706066804,137.27555894461494,139.8545379638672,160537400,0.0,0.0
2024-11-06 00:00:00-05:00,142.90333324876622,146.4319326348536,141.90372967757455,145.55227661132812,242043900,0.0,0.0
2024-11-07 00:00:00-05:00,146.33198051831096,148.8709671267726,146.1120664908763,148.8209991455078,207323300,0.0,0.0
2024-11-08 00:00:00-05:00,148.7110349444156,149.71063856526422,146.20202009433146,147.5714874267578,175665800,0.0,0.0
2024-11-11 00:00:00-05:00,148.62103456850656,148.79098057849544,143.51307554919703,145.202392578125,182325600,0.0,0.0
2024-11-12 00:00:00-05:00,146.72180532829077,149.5906625866308,145.95210633724608,148.231201171875,198634700,0.0,0.0
2024-11-13 00:00:00-05:00,149.01089841600094,149.2707898303925,145.8421419549503,146.21200561523438,191903300,0.0,0.0
2024-11-14 00:00:00-05:00,147.5814841067195,148.94094569769402,145.49231611296014,146.7018280029297,194463300,0.0,0.0
2024-11-15 00:00:00-05:00,144.81255966940228,145.18242335032573,140.02446543358045,141.9237060546875,250132900,0.0,0.0
2024-11-18 00:00:00-05:00,139.44468522690033,141.49387540802257,137.09561095173166,140.09442138671875,221205300,0.0,0.0
2024-11-19 00:00:00-05:00,141.26398946372595,147.07168399645053,140.9341184421503,146.95172119140625,227834900,0.0,0.0
2024-11-20 00:00:00-05:00,147.3515703217148,147.5015047606034,142.67341754276418,145.83216857910156,309871700,0.0,0.0
2024-11-21 00:00:00-05:00,149.290807835149,152.8293979645091,140.64422730754492,146.6118621826172,400946600,0.0,0.0
2024-11-22 00:00:00-05:00,145.87212475240295,147.10164798306,141.04405349095012,141.89370727539062,236406200,0.0,0.0
2024-11-25 00:00:00-05:00,141.93371415065735,141.99368792347047,135.7661620516237,135.96607971191406,344941900,0.0,0.0
2024-11-26 00:00:00-05:00,137.64541224160723,139.2447840977321,135.61621816013385,136.86572265625,190287700,0.0,0.0
2024-11-27 00:00:00-05:00,134.95646019838466,137.1655905980091,131.74774157257602,135.2863311767578,226370900,0.0,0.0
2024-11-29 00:00:00-05:00,136.7257870913165,139.29477581313424,135.99608069190262,138.19520568847656,141863200,0.0,0.0
2024-12-02 00:00:00-05:00,138.7749450999513,140.39429776497158,137.7653511333102,138.5750274658203,171682800,0.0,0.0
2024-12-03 00:00:00-05:00,138.2051993772479,140.48429454860658,137.8953246767264,140.20440673828125,164414000,0.0,0.0
2024-12-04 00:00:00-05:00,141.94371889092554,145.73221002899123,140.23438993110327,145.0824737548828,231224300,0.0,0.0
2024-12-05 00:00:00-05:00,145.06248362625453,146.49200804389403,143.9028598130552,145.0124969482422,172621200,0.01,0.0
2024-12-06 00:00:00-05:00,144.55263713920382,145.6522676421263,141.2637063556289,142.39334106445312,188505600,0.0,0.0
2024-12-09 00:00:00-05:00,138.92447761551347,139.90415231737651,137.08508402113657,138.7645263671875,189308600,0.0,0.0
2024-12-10 00:00:00-05:00,138.96445323342698,141.77354545828368,133.74616214517607,135.0257568359375,210020900,0.0,0.0
2024-12-11 00:00:00-05:00,137.31500040642362,140.12407738797447,135.16571086465208,139.2643585205078,184905200,0.0,0.0
2024-12-12 00:00:00-05:00,137.03510407678786,138.39465924672223,135.75552453494274,137.29501342773438,159211400,0.0,0.0
2024-12-13 00:00:00-05:00,138.89449032268433,139.55427778956917,132.4965775973186,134.20602416992188,231514900,0.0,0.0
2024-12-16 00:00:00-05:00,134.13603509853905,134.35596424649526,130.37727237183418,131.95675659179688,237951100,0.0,0.0
2024-12-17 00:00:00-05:00,129.04771280436398,131.54689392732612,126.81844751374322,130.3472900390625,259410300,0.0,0.0
2024-12-18 00:00:00-05:00,133.8161583001621,136.6552244722092,128.23798405143236,128.86778259277344,277444500,0.0,0.0
2024-12-19 00:00:00-05:00,131.7168244915274,133.98608501684748,129.50755712091288,130.63717651367188,209719200,0.0,0.0
2024-12-20 00:00:00-05:00,129.76747112979962,135.2356803497186,128.1779956829599,134.65586853027344,306528600,0.0,0.0
2024-12-23 00:00:00-05:00,136.23536324975828,139.74420813475027,135.07573952144836,139.62425231933594,176053500,0.0,0.0
2024-12-24 00:00:00-05:00,139.95415834100334,141.8535301026856,138.60459428405517,140.17408752441406,105157000,0.0,0.0
2024-12-26 00:00:00-05:00,139.65425012018665,140.8038826879709,137.68489400548984,139.88417053222656,116205600,0.0,0.0
2024-12-27 00:00:00-05:00,138.50462254046806,138.97446981750295,134.66588395063462,136.96511840820312,170582600,0.0,0.0
2024-12-30 00:00:00-05:00,134.78582934588258,140.2240495546706,133.97609715556487,137.44496154785156,167734700,0.0,0.0
2024-12-31 00:00:00-05:00,137.98479821279548,138.02479365615312,133.7861766339878,134.2460174560547,155659200,0.0,0.0
2025-01-02 00:00:00-05:00,135.95546829733047,138.83453015425235,134.58592176996075,138.26470947265625,198247200,0.0,0.0
2025-01-03 00:00:00-05:00,139.96413776465596,144.85253555834646,139.68423069189672,144.4226837158203,229322500,0.0,0.0
2025-01-06 00:00:00-05:00,148.5413213081193,152.11015917129038,147.77158452702758,149.38104248046875,265377400,0.0,0.0
2025-01-07 00:00:00-05:00,152.97986196669754,153.07983530547875,139.9641234037018,140.09408569335938,351782200,0.0,0.0
2025-01-08 00:00:00-05:00,142.5332942493383,143.90284057175748,137.51493447299714,140.06410217285156,227349900,0.0,0.0
2025-01-10 00:00:00-05:00,137.40498271998055,139.87417502688794,134.17604480086774,135.86549377441406,207602500,0.0,0.0
2025-01-13 00:00:00-05:00,129.94744151880715,133.44629547754278,129.46758770744978,133.18637084960938,204808900,0.0,0.0
2025-01-14 00:00:00-05:00,136.00543044799826,136.33532416409136,130.00739616366573,131.71682739257812,195590500,0.0,0.0
2025-01-15 00:00:00-05:00,133.60622538989423,136.4053114797544,131.24699764678536,136.1953887939453,185217300,0.0,0.0
2025-01-16 00:00:00-05:00,138.59457607585483,138.70454064615834,133.44626949753135,133.5262451171875,209235600,0.0,0.0
2025-01-17 00:00:00-05:00,136.6452315490251,138.45463626831489,135.41563868932835,137.66490173339844,201188800,0.0,0.0
2025-01-21 00:00:00-05:00,139.1144233323199,141.78354697270905,137.0450940162502,140.78387451171875,197749000,0.0,0.0
2025-01-22 00:00:00-05:00,144.61263605764083,147.7416007949869,143.62295473278476,147.0218505859375,237651400,0.0,0.0
2025-01-23 00:00:00-05:00,145.0024960002277,147.18177468068177,143.67292977388993,147.17178344726562,155915500,0.0,0.0
2025-01-24 00:00:00-05:00,148.32138900097752,148.92119854206575,141.83352489203162,142.57327270507812,234657600,0.0,0.0
2025-01-27 00:00:00-05:00,124.75911743279188,128.35792888769186,116.6617649651342,118.3812026977539,818830900,0.0,0.0
2025-01-28 00:00:00-05:00,121.77011224340114,128.95776039928603,116.21193524354263,128.94776916503906,579666400,0.0,0.0
2025-01-29 00:00:00-05:00,126.458570906435,126.84844257022412,120.0106863497111,123.65948486328125,467120600,0.0,0.0
2025-01-30 00:00:00-05:00,123.05968123503551,124.9590604797062,118.06131881584726,124.60917663574219,392925500,0.0,0.0
2025-01-31 00:00:00-05:00,123.73945402173636,127.80812056780856,119.15096116009843,120.03067016601562,388161100,0.0,0.0
2025-02-03 00:00:00-05:00,114.71241754878405,118.53116613291392,112.9729895620065,116.62179565429688,371235700,0.0,0.0
2025-02-04 00:00:00-05:00,116.92168851369838,121.16029755445565,116.66177154188583,118.61113739013672,256550000,0.0,0.0
2025-02-05 00:00:00-05:00,121.72012173666313,124.95905839472358,120.72044926950534,124.78911590576172,262230800,0.0,0.0
2025-02-06 00:00:00-05:00,127.37826606210074,128.72783001681898,125.16899078801299,128.63784790039062,251483600,0.0,0.0
2025-02-07 00:00:00-05:00,129.17766285547097,130.32727996151158,124.95904429961287,129.79745483398438,228186300,0.0,0.0
2025-02-10 00:00:00-05:00,130.04737430419848,134.95576927734325,129.91742726932324,133.5262451171875,216989100,0.0,0.0
2025-02-11 00:00:00-05:00,132.5365863252507,134.43595803743202,130.9770996135579,132.7565155029297,178902400,0.0,0.0
2025-02-12 00:00:00-05:00,129.97741762356085,132.19669170682792,129.03772306980744,131.0970458984375,160278600,0.0,0.0
2025-02-13 00:00:00-05:00,131.51690772043457,136.45529216313562,131.127036067263,135.2456817626953,197430000,0.0,0.0
2025-02-14 00:00:00-05:00,136.4353006772254,139.20439781688884,135.4556258828613,138.80453491210938,195479600,0.0,0.0
2025-02-18 00:00:00-05:00,141.2237529999524,143.3930407195906,137.88483491061234,139.35435485839844,219176600,0.0,0.0
2025-02-19 00:00:00-05:00,139.46429426521587,141.3136943495984,137.17505112782226,139.18438720703125,167536000,0.0,0.0
2025-02-20 00:00:00-05:00,139.98412654948388,140.61392504988532,136.74518244514988,140.06410217285156,143903600,0.0,0.0
2025-02-21 00:00:00-05:00,139.99411868487,141.41366694156105,133.98609294492073,134.38595581054688,228217600,0.0,0.0
2025-02-24 00:00:00-05:00,136.51527743543022,138.544611438826,130.03740375103862,130.23733520507812,251381100,0.0,0.0
2025-02-25 00:00:00-05:00,129.93742515974864,130.1573543264651,124.39924631174091,126.5885238647461,271428700,0.0,0.0
2025-02-26 00:00:00-05:00,129.9474287481865,133.68619399137987,128.44792005609298,131.23699951171875,322553800,0.0,0.0
2025-02-27 00:00:00-05:00,134.9557923740472,134.96578360804298,119.97070319337837,120.11065673828125,443175800,0.0,0.0
2025-02-28 00:00:00-05:00,117.98134023479652,125.04902421361967,116.36187573271177,124.87908172607422,389091100,0.0,0.0
2025-03-03 00:00:00-05:00,123.46954557652553,123.65947815441595,112.2432206852501,114.02263641357422,411381400,0.0,0.0
2025-03-04 00:00:00-05:00,110.61375634258967,119.27091565466138,110.07393231302608,115.9520034790039,398163300,0.0,0.0
2025-03-05 00:00:00-05:00,117.54148848655969,118.2412561507128,114.47249437052442,117.26158142089844,284337900,0.0,0.0
2025-03-06 00:00:00-05:00,113.49281250827367,115.31221606989396,110.18389912538346,110.53378295898438,321181900,0.0,0.0
2025-03-07 00:00:00-05:00,111.21356065439609,113.44283358559466,107.52476685365718,112.65309143066406,341755500,0.0,0.0
2025-03-10 00:00:00-04:00,109.86399541986671,111.81335349826479,105.42544763902806,106.94495391845703,366487400,0.0,0.0
2025-03-11 00:00:00-04:00,106.95495594173273,112.20323643435479,104.73568182740638,108.72438049316406,354865700,0.0,0.0
2025-03-12 00:00:00-04:00,114.09312447156262,116.7325020716217,112.85341103244578,115.71273803710938,323857500,0.01,0.0
2025-03-13 00:00:00-04:00,117.0024278677365,117.73225924433854,113.76319330991835,115.55277252197266,299033100,0.0,0.0
2025-03-14 00:00:00-04:00,118.5820578648422,121.85128414551467,118.12216714928688,121.6413345336914,277593500,0.0,0.0
2025-03-17 00:00:00-04:00,122.711081524258,122.86104771124882,118.00219206936818,119.50183868408203,255501500,0.0,0.0
2025-03-18 00:00:00-04:00,117.97219563901088,118.99195194008684,114.51301183473794,115.40280151367188,299686900,0.0,0.0
2025-03-19 00:00:00-04:00,117.24236085578977,120.42161176372424,115.65273921562084,117.49230194091797,273426200,0.0,0.0
2025-03-20 00:00:00-04:00,116.52253841801043,120.17167220516042,116.44255543913019,118.50206756591797,248829700,0.0,0.0
2025-03-21 00:00:00-04:00,116.91244866461768,117.9621966837067,115.39280254041711,117.6722640991211,266498500,0.0,0.0
2025-03-24 00:00:00-04:00,119.8517551027078,122.19120779583362,119.31188140429414,121.38140106201172,228452500,0.0,0.0
2025-03-25 00:00:00-04:00,120.5216012824151,121.26142480153007,118.89198043130345,120.66156768798828,167447200,0.0,0.0
2025-03-26 00:00:00-04:00,118.70203035263671,118.81199741904777,112.68344440410922,113.73320007324219,293463300,0.0,0.0
2025-03-27 00:00:00-04:00,111.32376457585453,114.42303269482778,110.63393232562053,111.40374755859375,236902100,0.0,0.0
2025-03-28 00:00:00-04:00,111.46372827094805,112.84340799305504,109.04430030890691,109.64415740966797,229872500,0.0,0.0
2025-03-31 00:00:00-04:00,105.10522740758995,110.9338556226425,103.6255803841977,108.35446166992188,299212700,0.0,0.0
2025-04-01 00:00:00-04:00,108.49443304563391,110.17403760023085,106.4449205320371,110.12405395507812,222614000,0.0,0.0
2025-04-02 00:00:00-04:00,107.26472214391917,111.95361956622256,106.76483994973236,110.39398193359375,220601200,0.0,0.0
2025-04-03 00:00:00-04:00,103.48562015563714,105.60511590388697,101.57606639857329,101.7760238647461,338769400,0.0,0.0
2025-04-04 00:00:00-04:00,98.88670323249266,100.10640942744341,92.08830207120735,94.28778076171875,532273800,0.0,0.0
2025-04-07 00:00:00-04:00,87.43938789235719,101.72602116602216,86.59958951154498,97.61698913574219,611041300,0.0,0.0
2025-04-08 00:00:00-04:00,103.78553826456235,105.82505852328022,94.43774279946976,96.27731323242188,476243400,0.0,0.0
2025-04-09 00:00:00-04:00,98.86669810018236,115.07287764897656,97.5070179445592,114.30306243896484,612918300,0.0,0.0
2025-04-10 00:00:00-04:00,109.34423379452805,110.83388059600858,99.12664053501021,107.5446548461914,437812400,0.0,0.0
2025-04-11 00:00:00-04:00,108.47443427245335,111.52371865557488,107.45467796999777,110.90386199951172,313417300,0.0,0.0
2025-04-14 00:00:00-04:00,114.08311462021162,114.2630725146749,109.04430120283689,110.68391418457031,264705000,0.0,0.0
2025-04-15 00:00:00-04:00,110.94385517244878,113.5932323217664,110.47396469045397,112.1735610961914,228966900,0.0,0.0
2025-04-16 00:00:00-04:00,104.52537649088836,106.76484672728219,100.4263361362673,104.46538543701172,397016900,0.0,0.0
2025-04-17 00:00:00-04:00,104.42538906519317,104.44538862475022,100.02643178468185,101.4660873413086,292517500,0.0,0.0
2025-04-21 00:00:00-04:00,98.74673137333838,99.41657935183265,95.01761424618036,96.88717651367188,288501100,0.0,0.0
2025-04-22 00:00:00-04:00,98.75673214732677,99.78648832080442,97.25708545719098,98.86670684814453,241004800,0.0,0.0
2025-04-23 00:00:00-04:00,104.4953697335839,104.77531016741209,101.99595878138034,102.68579864501953,247526000,0.0,0.0
2025-04-24 00:00:00-04:00,103.45562063709751,106.51489717654988,103.08570507328525,106.40492248535156,220815000,0.0,0.0
2025-04-25 00:00:00-04:00,106.82483233532861,111.8936379045766,105.70510100806126,110.98385620117188,251064700,0.0,0.0
2025-04-28 00:00:00-04:00,109.66415673478784,110.343996814893,105.9950156815573,108.70438385009766,207708500,0.0,0.0
2025-04-29 00:00:00-04:00,107.64463563001284,110.17403844763395,107.41469407982767,108.99431610107422,170444300,0.0,0.0
2025-04-30 00:00:00-04:00,104.44538450923935,108.89433288574219,104.05547701680861,108.89433288574219,235044600,0.0,0.0
2025-05-01 00:00:00-04:00,113.05335693358144,114.91291927434723,111.27377757314032,111.58370208740234,236121500,0.0,0.0
2025-05-02 00:00:00-04:00,114.15310576985596,115.37281962529518,113.34329900218786,114.47303009033203,190194800,0.0,0.0
2025-05-05 00:00:00-04:00,112.88340831442672,114.64298826396649,112.63346720059009,113.7931900024414,133163200,0.0,0.0
2025-05-06 00:00:00-04:00,111.4537475013017,114.7129742117387,110.7938992837595,113.51325988769531,158525600,0.0,0.0
2025-05-07 00:00:00-04:00,113.02337494499027,117.65228163619798,112.25355204144066,117.03242492675781,206758800,0.0,0.0
2025-05-08 00:00:00-04:00,118.22215145930612,118.65205049698933,115.82271514729747,117.34236145019531,198428100,0.0,0.0
2025-05-09 00:00:00-04:00,117.32235248570746,118.20215005190205,115.18285724943865,116.62252044677734,132972200,0.0,0.0
2025-05-12 00:00:00-04:00,121.94127499373305,122.97103118896484,120.25167057965504,122.97103118896484,225023300,0.0,0.0
2025-05-13 00:00:00-04:00,124.95056035306071,131.18908818741485,124.44067836400953,129.89938354492188,330430100,0.0,0.0
2025-05-14 00:00:00-04:00,133.16861033831793,135.40808800730593,131.6489642323906,135.30810546875,281180800,0.0,0.0
2025-05-15 00:00:00-04:00,134.258351724734,136.2678878895653,132.6287461607251,134.79823303222656,226632600,0.0,0.0
2025-05-16 00:00:00-04:00,136.18791721457987,136.31789147723805,133.42857277146337,135.36810302734375,226542500,0.0,0.0
2025-05-19 00:00:00-04:00,132.35879696756518,135.83797251007488,132.35879696756518,135.53805541992188,193154600,0.0,0.0
2025-05-20 00:00:00-04:00,134.2583525069389,134.54829272140586,132.58874781513978,134.3483428955078,161514200,0.0,0.0
2025-05-21 00:00:00-04:00,133.02864907239967,137.36762292180558,130.55922977564506,131.76895141601562,270608700,0.0,0.0
2025-05-22 00:00:00-04:00,132.19884131725317,134.21836966107523,131.51900885300861,132.7987060546875,187344000,0.0,0.0
2025-05-23 00:00:00-04:00,129.96937433382988,132.64873565144939,129.12957588399638,131.25906372070312,198821300,0.0,0.0
2025-05-27 00:00:00-04:00,134.1183754403962,135.6280293045703,133.27857708527512,135.4680633544922,192953600,0.0,0.0
2025-05-28 00:00:00-04:00,135.9979578766118,137.2176717346689,134.75824445795843,134.7782440185547,304021100,0.0,0.0
2025-05-29 00:00:00-04:00,142.21648797143945,143.45620133736625,137.87751407348716,139.15721130371094,369241900,0.0,0.0
2025-05-30 00:00:00-04:00,138.6873257641086,139.58710766728817,132.88868890141003,135.09817504882812,333170900,0.0,0.0
2025-06-02 00:00:00-04:00,135.45808684638126,138.08745689917103,135.36809645457458,137.34764099121094,197663100,0.0,0.0
2025-06-03 00:00:00-04:00,138.74729436292043,141.9665367692297,137.91748812723765,141.1867218017578,225578800,0.0,0.0
2025-06-04 00:00:00-04:00,142.15650682982962,142.3564566649135,139.5071219355859,141.88656616210938,167120800,0.0,0.0
2025-06-05 00:00:00-04:00,142.13651043477643,143.96608121416313,138.79730082341692,139.95703125,231397900,0.0,0.0
2025-06-06 00:00:00-04:00,142.47640682683559,143.23623746842864,141.47664251332282,141.6865997314453,153986200,0.0,0.0
2025-06-09 00:00:00-04:00,143.15627066728982,144.96584183837217,141.9065651342004,142.59640502929688,185114500,0.0,0.0
2025-06-10 00:00:00-04:00,142.65638139553192,144.25599524562207,141.4966510569608,143.92608642578125,155881900,0.0,0.0
2025-06-11 00:00:00-04:00,144.5859620448177,144.96590375929992,141.84641202362192,142.80625915527344,167694000,0.01,0.0
2025-06-12 00:00:00-04:00,141.94641106631286,144.9759063720703,141.82643588786814,144.9759063720703,162365000,0.0,0.0
2025-06-13 00:00:00-04:00,142.4563055840922,143.556128789635,140.8265869783813,141.94639587402344,180820600,0.0,0.0
2025-06-16 00:00:00-04:00,143.32618096280035,146.1556971839991,143.1761967394354,144.66595458984375,183133700,0.0,0.0
2025-06-17 00:00:00-04:00,144.46598768948277,145.1958620737219,143.75609899624828,144.09603881835938,139108000,0.0,0.0
2025-06-18 00:00:00-04:00,143.9860537050978,145.62578045463974,143.0962022725339,145.455810546875,161494100,0.0,0.0
2025-06-20 00:00:00-04:00,145.42582047781178,146.17569581398777,142.6262828381709,143.8260955810547,242956200,0.0,0.0
2025-06-23 00:00:00-04:00,142.47632119978937,144.7559411184857,142.00639807778802,144.1460418701172,154308900,0.0,0.0
2025-06-24 00:00:00-04:00,145.53578955415,147.93539956519925,145.47580197371775,147.87539672851562,187566100,0.0,0.0
2025-06-25 00:00:00-04:00,149.24520677628502,154.4243389252029,149.23519867353343,154.28436279296875,269146500,0.0,0.0
2025-06-26 00:00:00-04:00,155.95406403411533,156.69394650127538,153.97439748110884,154.99423217773438,198145700,0.0,0.0
2025-06-27 00:00:00-04:00,156.01407794562124,158.68364793378802,155.23420870961348,157.7238006591797,263234500,0.0,0.0
2025-06-30 00:00:00-04:00,158.37368067249696,158.6336472456001,155.93409881773164,157.96376037597656,194580300,0.0,0.0
2025-07-01 00:00:00-04:00,156.26402965591922,157.17388214393176,151.46483925954294,153.2745361328125,213143600,0.0,0.0
2025-07-02 00:00:00-04:00,152.9545671877056,157.57380961936815,152.94457434216997,157.22386169433594,171224100,0.0,0.0
2025-07-03 00:00:00-04:00,158.34368228178877,160.95324924613055,157.74379112425564,159.3135223388672,143716100,0.0,0.0
2025-07-07 00:00:00-04:00,158.17371270193448,159.28352889047815,157.31385497697042,158.21371459960938,140139000,0.0,0.0
2025-07-08 00:00:00-04:00,159.3035323273478,160.19338386133896,158.36368604860908,159.97341918945312,138133000,0.0,0.0
2025-07-09 00:00:00-04:00,161.1932080055649,164.39267314506114,161.13322041798892,162.85293579101562,183656400,0.0,0.0
2025-07-10 00:00:00-04:00,164.29270331195812,164.4726660794993,161.5831469026993,164.07273864746094,167704100,0.0,0.0
2025-07-11 00:00:00-04:00,163.6927958392512,167.862101078866,163.44283738179527,164.89259338378906,193633300,0.0,0.0
2025-07-14 00:00:00-04:00,165.3425116109199,165.4625020418882,161.99307751467913,164.04273986816406,136975800,0.0,0.0
2025-07-15 00:00:00-04:00,171.1615549258278,172.37134531045626,169.17188012202328,170.671630859375,230627400,0.0,0.0
2025-07-16 00:00:00-04:00,171.03157616389174,171.72146396229547,168.87193138356372,171.34152221679688,158831500,0.0,0.0
2025-07-17 00:00:00-04:00,171.99141956059896,174.13106334471073,170.80161486292053,172.97125244140625,160841100,0.0,0.0
2025-07-18 00:00:00-04:00,173.61115431570738,174.22105359276725,171.23154479926822,172.38136291503906,146456400,0.0,0.0
2025-07-21 00:00:00-04:00,172.72129949000853,173.35119970444802,170.97159023323564,171.35153198242188,123126100,0.0,0.0
2025-07-22 00:00:00-04:00,171.31154005146294,171.36153479867312,164.55266825003173,167.00225830078125,193114300,0.0,0.0
2025-07-23 00:00:00-04:00,169.5018251648929,171.23153339032083,167.94208685699226,170.75161743164062,154082200,0.0,0.0
2025-07-24 00:00:00-04:00,172.41134882841166,173.80111724784433,171.27153886755505,173.7111358642578,128984600,0.0,0.0
2025-07-25 00:00:00-04:00,173.58115848322245,174.69097468726906,172.9312725713388,173.47117614746094,122316800,0.0,0.0
2025-07-28 00:00:00-04:00,173.99108478739527,176.97058528484683,173.94109004538618,176.7206268310547,140023500,0.0,0.0
2025-07-29 00:00:00-04:00,177.93044011853775,179.35020236643535,174.99092613442062,175.4808349609375,154077500,0.0,0.0
2025-07-30 00:00:00-04:00,176.48066791766442,179.86011122312902,176.01074478620916,179.24021911621094,174312200,0.0,0.0
2025-07-31 00:00:00-04:00,182.86960179799485,183.26954448460754,175.9007587673991,177.84043884277344,221685400,0.0,0.0
2025-08-01 00:00:00-04:00,174.06106522140865,176.51065501732398,170.86160006411595,173.69113159179688,204529000,0.0,0.0
2025-08-04 00:00:00-04:00,175.1309006070304,180.17005649193501,174.49100755408614,179.9700927734375,148174600,0.0,0.0
2025-08-05 00:00:00-04:00,179.59015184800575,180.23004490386853,175.87076869322405,178.23037719726562,156407600,0.0,0.0
2025-08-06 00:00:00-04:00,176.30069964693718,179.87009845787975,176.22071111043454,179.3901824951172,137192300,0.0,0.0
2025-08-07 00:00:00-04:00,181.53984513179375,183.84945895635624,178.7703010091291,180.73997497558594,151878400,0.0,0.0
2025-08-08 00:00:00-04:00,181.51984435483087,183.2695536485861,180.37002623661053,182.66964721679688,123396700,0.0,0.0
2025-08-11 00:00:00-04:00,182.01974653412333,183.80944232526838,180.2200426409657,182.0297393798828,138323200,0.0,0.0
2025-08-12 00:00:00-04:00,182.9295986692803,184.44933506001817,179.4301803710301,183.1295623779297,145485700,0.0,0.0
2025-08-13 00:00:00-04:00,182.58965738273272,183.93943921657484,179.3202115957667,181.55982971191406,179871700,0.0,0.0
2025-08-14 00:00:00-04:00,179.72011917648817,182.98957985829236,179.43017409752198,181.98974609375,129554000,0.0,0.0
2025-08-15 00:00:00-04:00,181.84978375259033,181.86976944489334,178.01041021115256,180.42001342773438,156602200,0.0,0.0
2025-08-18 00:00:00-04:00,180.56998232776263,182.90958965389834,180.55997422620712,181.979736328125,132008000,0.0,0.0
2025-08-19 00:00:00-04:00,182.39967416584764,182.46966985536903,175.46084035755914,175.61080932617188,185229200,0.0,0.0
2025-08-20 00:00:00-04:00,175.1408920976954,175.9707560164781,168.77195541250927,175.370849609375,215142700,0.0,0.0
2025-08-21 00:00:00-04:00,174.8209444570093,176.87059152353538,173.78110877087863,174.95091247558594,140040900,0.0,0.0
2025-08-22 00:00:00-04:00,172.58132291943235,178.56032512128596,171.17155351749952,177.96043395996094,172789400,0.0,0.0
2025-08-25 00:00:00-04:00,178.3203719824875,181.87977802218637,176.54066896263805,179.78012084960938,163012800,0.0,0.0
2025-08-26 00:00:00-04:00,180.03006938032237,182.35968393651802,178.7802771456414,181.7397918701172,168688200,0.0,0.0
2025-08-27 00:00:00-04:00,181.94976597929116,182.45969102424806,179.07025476697962,181.56983947753906,235518900,0.0,0.0
2025-08-28 00:00:00-04:00,180.7899615720414,184.43934897141472,176.3806906932069,180.1400604248047,281787800,0.0,0.0
2025-08-29 00:00:00-04:00,178.08040158317536,178.12038822306508,173.12121914292007,174.1510467529297,243257900,0.0,0.0
2025-09-02 00:00:00-04:00,169.9717482776903,172.351357635579,167.19221149694363,170.75161743164062,231164900,0.0,0.0
2025-09-03 00:00:00-04:00,171.03158891427162,172.38137081666613,168.851958278929,170.59165954589844,164424900,0.0,0.0
2025-09-04 00:00:00-04:00,170.54166973363456,171.83144870716828,169.381858788342,171.63148498535156,141670100,0.0,0.0
2025-09-05 00:00:00-04:00,168.00209055003162,169.0019244592772,164.04275681292185,166.9922637939453,224441400,0.0,0.0
2025-09-08 00:00:00-04:00,167.5221599855096,170.93159698121408,167.32219627229085,168.2820281982422,163769100,0.0,0.0
2025-09-09 00:00:00-04:00,169.0618925540675,170.95157781434446,166.71229229208453,170.7316131591797,157548400,0.0,0.0
2025-09-10 00:00:00-04:00,176.61064931709572,179.26020289704138,175.44084555219968,177.300537109375,226852000,0.0,0.0
2025-09-11 00:00:00-04:00,179.66027757334626,180.26021784214308,176.4606317396978,177.1505584716797,151159300,0.01,0.0
2025-09-12 00:00:00-04:00,177.75047851465564,178.5803891806412,176.43061617633268,177.80047607421875,124911000,0.0,0.0
2025-09-15 00:00:00-04:00,175.650725630949,178.83038469078608,174.49084923140515,177.73049926757812,147061600,0.0,0.0
2025-09-16 00:00:00-04:00,176.98057174387853,177.4805168617991,174.36086420825131,174.86080932617188,140737800,0.0,0.0
2025-09-17 00:00:00-04:00,172.62104942275718,173.18098551277336,168.39151800406466,170.27130126953125,211843800,0.0,0.0
2025-09-18 00:00:00-04:00,173.96089569350613,177.08056354559588,172.94101865721873,176.2206573486328,191763300,0.0,0.0
2025-09-19 00:00:00-04:00,175.7506939671915,178.06043774665943,175.16074718989944,176.6505889892578,237182100,0.0,0.0
2025-09-22 00:00:00-04:00,175.28075846993005,184.52974299714734,174.69082690233378,183.58984375,269637000,0.0,0.0
2025-09-23 00:00:00-04:00,181.95002022927713,182.3999677661597,176.19065819152993,178.410400390625,192559600,0.0,0.0
2025-09-24 00:00:00-04:00,179.75025700209653,179.76025041106172,175.38072666046574,176.9505615234375,143564100,0.0,0.0
2025-09-25 00:00:00-04:00,174.4608472798892,180.2402117285651,173.11100459099512,177.67050170898438,191586700,0.0,0.0
2025-09-26 00:00:00-04:00,178.15043859744398,179.750269051669,174.91078879333958,178.17044067382812,148573700,0.0,0.0
2025-09-29 00:00:00-04:00,180.41019002973698,183.97980553666213,180.30021674934378,181.83004760742188,193063500,0.0,0.0
2025-09-30 00:00:00-04:00,182.06000352373024,187.32942897828707,181.4600633204032,186.55950927734375,236981000,0.0,0.0
2025-10-01 00:00:00-04:00,185.21967144700423,188.11934700723293,183.87980694521147,187.21945190429688,173844900,0.0,0.0
2025-10-02 00:00:00-04:00,189.57919146332628,191.0290292282152,188.03935198339767,188.8692626953125,136805800,0.0,0.0
2025-10-03 00:00:00-04:00,189.16924608680657,190.33911589327732,185.35966652947783,187.5994110107422,137596900,0.0,0.0
2025-10-06 00:00:00-04:00,185.4796339074747,187.20943969833962,183.3098739831843,185.51962280273438,157678100,0.0,0.0
2025-10-07 00:00:00-04:00,186.20955566811082,189.03924688644503,183.97980469837793,185.01968383789062,140088000,0.0,0.0
2025-10-08 00:00:00-04:00,186.5495190429729,189.57918508139647,186.51950830089396,189.0892333984375,130168900,0.0,0.0
2025-10-09 00:00:00-04:00,192.20888438710807,195.27855455286462,191.039014711271,192.54885864257812,182997200,0.0,0.0
2025-10-10 00:00:00-04:00,193.4887469873255,195.59851591827854,182.03001384654092,183.139892578125,268774400,0.0,0.0
2025-10-13 00:00:00-04:00,187.9493639887039,190.08912842775598,185.93959015922437,188.29933166503906,153482800,0.0,0.0
2025-10-14 00:00:00-04:00,184.74970821605342,184.77970370013514,179.6802578066599,180.01022338867188,205641400,0.0,0.0
2025-10-15 00:00:00-04:00,184.77971248532194,184.84969686580231,177.2705272995106,179.8102569580078,214450500,0.0,0.0
2025-10-16 00:00:00-04:00,182.20999112544493,183.2598789113643,179.75026972003684,181.7900390625,179723300,0.0,0.0
2025-10-17 00:00:00-04:00,180.1602152773484,184.07979842608083,179.7302697995737,183.19989013671875,173135200,0.0,0.0
2025-10-20 00:00:00-04:00,183.10990104163824,185.1796658652692,181.7100455780644,182.6199493408203,128544700,0.0,0.0
2025-10-21 00:00:00-04:00,182.76991679751694,182.76991679751694,179.7802549646251,181.14010620117188,124240200,0.0,0.0
2025-10-22 00:00:00-04:00,181.12011433169937,183.4198648953589,176.74059027394597,180.2602081298828,162249600,0.0,0.0
2025-10-23 00:00:00-04:00,180.4001849787377,183.0098989665471,179.7702492811968,182.13999938964844,111363700,0.0,0.0
2025-10-24 00:00:00-04:00,183.81980015643103,187.44940625639555,183.47984116964938,186.23953247070312,131296700,0.0,0.0
2025-10-27 00:00:00-04:00,189.9691435897376,191.97891738858848,188.4093020699799,191.46897888183594,153452700,0.0,0.0
2025-10-28 00:00:00-04:00,193.0288146936141,203.12769700573313,191.8889404255143,201.0079345703125,297986200,0.0,0.0
2025-10-29 00:00:00-04:00,207.95717223581016,212.1667169482571,204.7575264516481,207.01727294921875,308829600,0.0,0.0
2025-10-30 00:00:00-04:00,205.12746791137428,206.13736677538768,201.38788833732997,202.8677215576172,178864400,0.0,0.0
2025-10-31 00:00:00-04:00,206.42733011185774,207.94716749796044,202.04782138155986,202.4677734375,179802200,0.0,0.0
2025-11-03 00:00:00-05:00,208.05714970598171,211.31678618801203,205.53742218982754,206.85728454589844,180267300,0.0,0.0
2025-11-04 00:00:00-05:00,202.9777066091775,203.9476013046771,197.90825607143535,198.66818237304688,188919300,0.0,0.0
2025-11-05 00:00:00-05:00,198.7481902403631,202.89772869539195,194.6286320152979,195.18858337402344,171350300,0.0,0.0
2025-11-06 00:00:00-05:00,196.39843756369172,197.59830279082226,186.35954634625867,188.05935668945312,223029800,0.0,0.0
2025-11-07 00:00:00-05:00,184.87970536775757,188.29934352754728,178.8903723972709,188.1293487548828,264942300,0.0,0.0
2025-11-10 00:00:00-05:00,195.08858253564551,199.91805415635875,193.76872011438098,199.0281524658203,198897100,0.0,0.0
2025-11-11 00:00:00-05:00,195.13857433756354,195.3985402959953,191.2789975702345,193.1387939453125,176483300,0.0,0.0
2025-11-12 00:00:00-05:00,195.69851973704638,195.86849924763862,191.1090271797132,193.7787322998047,154935300,0.0,0.0
2025-11-13 00:00:00-05:00,191.02901978717685,191.4189763426968,183.82981362374773,186.8394775390625,207423100,0.0,0.0
2025-11-14 00:00:00-05:00,182.8399142970662,190.98901295495202,180.56016596493993,190.14910888671875,186591900,0.0,0.0
2025-11-17 00:00:00-05:00,185.9495778546046,188.9792438771453,184.29976516169708,186.5795135498047,173628900,0.0,0.0
2025-11-18 00:00:00-05:00,183.3598703733926,184.7797126313021,179.6302689297591,181.340087890625,213598900,0.0,0.0
2025-11-19 00:00:00-05:00,184.76970592228736,187.8393762025218,182.8099296469334,186.49952697753906,247246400,0.0,0.0
2025-11-20 00:00:00-05:00,195.92847930218133,195.97847686300787,179.83025642841662,180.6201629638672,343504800,0.0,0.0
2025-11-21 00:00:00-05:00,181.22010834266524,184.5397359279593,172.91100782704066,178.86036682128906,346926200,0.0,0.0
2025-11-24 00:00:00-05:00,179.47030653663683,183.4798609481747,176.4606271183833,182.52996826171875,256618300,0.0,0.0
2025-11-25 00:00:00-05:00,174.89079203873564,178.14043506786686,169.53138015579162,177.80047607421875,320600300,0.0,0.0
2025-11-26 00:00:00-05:00,181.6100638206842,182.8899220695924,178.22043661727494,180.24020385742188,183852000,0.0,0.0
2025-11-28 00:00:00-05:00,178.99033405428943,179.2703020816569,176.48061521713345,176.98056030273438,121332800,0.0,0.0
2025-12-01 00:00:00-05:00,174.7408159055669,180.2802164760195,173.66093259662904,179.90025329589844,188131000,0.0,0.0
2025-12-02 00:00:00-05:00,181.7400335835938,185.63961443898967,179.98023235974816,181.44007873535156,182632200,0.0,0.0
2025-12-03 00:00:00-05:00,181.06012391136443,182.4299686383783,179.09033894604931,179.57028198242188,165138000,0.0,0.0
2025-12-04 00:00:00-05:00,181.61017209543593,184.51002440204854,179.95027347354184,183.37008666992188,167364900,0.01,0.0
2025-12-05 00:00:00-05:00,183.88004685245298,184.6500094505641,180.9002124089338,182.40013122558594,143971100,0.0,0.0
2025-12-08 00:00:00-05:00,182.6301165694494,187.98982714518382,182.39012406320575,185.5399627685547,204378100,0.0,0.0
2025-12-09 00:00:00-05:00,185.54995586495326,185.70995086836587,183.31008684903045,184.95999145507812,144719700,0.0,0.0
2025-12-10 00:00:00-05:00,184.9599880707457,185.46995496958337,182.03013874897007,183.77005004882812,162785400,0.0,0.0
2025-12-11 00:00:00-05:00,180.27023782951787,181.31019006496976,176.61043233199788,180.92019653320312,182136600,0.0,0.0
2025-12-12 00:00:00-05:00,181.10019518559332,182.81010931847595,174.61054106596097,175.01052856445312,204274900,0.0,0.0
2025-12-15 00:00:00-05:00,177.93037643785232,178.4103461991077,175.02053019793698,176.28045654296875,164775600,0.0,0.0
2025-12-16 00:00:00-05:00,176.25046044282257,178.48035080582065,174.8905333961456,177.71038818359375,148588100,0.0,0.0
2025-12-17 00:00:00-05:00,176.0904801521757,176.12047730871902,170.30078481189744,170.93075561523438,222775500,0.0,0.0
2025-12-18 00:00:00-05:00,174.52054772862792,176.14045512074784,171.8107030234881,174.1305694580078,176096000,0.0,0.0
2025-12-19 00:00:00-05:00,176.6604358481607,181.4401759084778,176.3304518785618,180.98020935058594,324925900,0.0,0.0
2025-12-22 00:00:00-05:00,183.91003698180788,184.15002947616998,182.34012994783166,183.6800537109375,129064400,0.0,0.0
2025-12-23 00:00:00-05:00,182.96010023623109,189.31975669034466,182.89009670029142,189.19976806640625,174873600,0.0,0.0
2025-12-24 00:00:00-05:00,187.92983057380172,188.899779295176,186.57989753660073,188.59979248046875,65528500,0.0,0.0
2025-12-26 00:00:00-05:00,189.9097162518428,192.67957056140054,187.98982202804387,190.51968383789062,139740300,0.0,0.0
2025-12-29 00:00:00-05:00,187.6998414610299,188.749772392931,185.8999358866866,188.20980834960938,120006100,0.0,0.0
2025-12-30 00:00:00-05:00,188.22982052336855,188.9797799436452,186.91987858592935,187.52984619140625,97687300,0.0,0.0
2025-12-31 00:00:00-05:00,189.55975523635485,190.54969193131708,186.47991997410415,186.4899139404297,120100500,0.0,0.0
